BoardNo, BinVersion, Channel, Rate, BandWidth, Length, SetPwr, CMD, MsPwrAvg, MsEvmAvg
BoardNo, BinVersion, Channel, Rate, BandWidth, Length, SetPwr, CMD, MsPwrAvg, MsEvmAvg
#A1_ANT0,testmode22_2024_1210_1040.bin,36,5 7,0 0,4000,0,r 403422c8  [0x403422C8] = 0xC23F557A    ,1.15,-44.13,NA,NA,NA
#A1_ANT0,testmode22_2024_1210_1040.bin,36,5 7,0 0,4000,2,r 403422c8  [0x403422C8] = 0xC23F559A    ,3.09,-44.25,NA,NA,NA
#A1_ANT0,testmode22_2024_1210_1040.bin,36,5 7,0 0,4000,4,r 403422c8  [0x403422C8] = 0xC33F577A    ,5.06,-44.21,NA,NA,NA
#A1_ANT0,testmode22_2024_1210_1040.bin,36,5 7,0 0,4000,6,r 403422c8  [0x403422C8] = 0xC33F579A    ,7.06,-44.48,NA,NA,NA
#A1_ANT0,testmode22_2024_1210_1040.bin,36,5 7,0 0,4000,8,r 403422c8  [0x403422C8] = 0xD43F5970    ,9.10,-42.11,NA,NA,NA
#A1_ANT0,testmode22_2024_1210_1040.bin,36,5 7,0 0,4000,10,r 403422c8  [0x403422C8] = 0xD43F598D    ,11.07,-43.26,NA,NA,NA
#A1_ANT0,testmode22_2024_1210_1040.bin,36,5 7,0 0,4000,12,r 403422c8  [0x403422C8] = 0xD53F5B66    ,13.12,-42.20,NA,NA,NA
#A1_ANT0,testmode22_2024_1210_1040.bin,36,5 7,0 0,4000,14,r 403422c8  [0x403422C8] = 0xD53F5B80    ,15.05,-43.13,NA,NA,NA
#A1_ANT0,testmode22_2024_1210_1040.bin,36,5 7,0 0,4000,16,r 403422c8  [0x403422C8] = 0xDE3F5D61    ,16.96,-43.27,NA,NA,NA
#A1_ANT0,testmode22_2024_1210_1040.bin,36,5 7,0 0,4000,18,r 403422c8  [0x403422C8] = 0xDE3F5D7B    ,18.84,-39.05,NA,NA,NA
#A1_ANT0,testmode22_2024_1210_1040.bin,36,5 7,0 0,4000,20,r 403422c8  [0x403422C8] = 0xDF3F5F90    ,20.61,-30.89,NA,NA,NA
#A1_ANT0,testmode22_2024_1210_1040.bin,36,5 7,0 0,4000,22,r 403422c8  [0x403422C8] = 0xDF3F5FB6    ,22.26,-22.89,NA,NA,NA
#A1_ANT0,testmode22_2024_1210_1040.bin,40,5 7,0 0,4000,0,r 403422c8  [0x403422C8] = 0xC23F5579    ,1.35,-43.79,NA,NA,NA
#A1_ANT0,testmode22_2024_1210_1040.bin,40,5 7,0 0,4000,2,r 403422c8  [0x403422C8] = 0xC23F5599    ,3.38,-43.50,NA,NA,NA
#A1_ANT0,testmode22_2024_1210_1040.bin,40,5 7,0 0,4000,4,r 403422c8  [0x403422C8] = 0xC33F5779    ,5.39,-43.22,NA,NA,NA
#A1_ANT0,testmode22_2024_1210_1040.bin,40,5 7,0 0,4000,6,r 403422c8  [0x403422C8] = 0xC33F5798    ,7.40,-42.84,NA,NA,NA
#A1_ANT0,testmode22_2024_1210_1040.bin,40,5 7,0 0,4000,8,r 403422c8  [0x403422C8] = 0xD43F596E    ,9.47,-43.38,NA,NA,NA
#A1_ANT0,testmode22_2024_1210_1040.bin,40,5 7,0 0,4000,10,r 403422c8  [0x403422C8] = 0xD43F598B    ,11.45,-43.63,NA,NA,NA
#A1_ANT0,testmode22_2024_1210_1040.bin,40,5 7,0 0,4000,12,r 403422c8  [0x403422C8] = 0xD53F5B66    ,13.51,-43.27,NA,NA,NA
#A1_ANT0,testmode22_2024_1210_1040.bin,40,5 7,0 0,4000,14,r 403422c8  [0x403422C8] = 0xD53F5B80    ,15.45,-43.32,NA,NA,NA
#A1_ANT0,testmode22_2024_1210_1040.bin,40,5 7,0 0,4000,16,r 403422c8  [0x403422C8] = 0xDE3F5D63    ,17.45,-42.63,NA,NA,NA
#A1_ANT0,testmode22_2024_1210_1040.bin,40,5 7,0 0,4000,18,r 403422c8  [0x403422C8] = 0xDE3F5D7C    ,19.35,-37.78,NA,NA,NA
#A1_ANT0,testmode22_2024_1210_1040.bin,40,5 7,0 0,4000,20,r 403422c8  [0x403422C8] = 0xDF3F5F8F    ,21.09,-29.06,NA,NA,NA
#A1_ANT0,testmode22_2024_1210_1040.bin,40,5 7,0 0,4000,22,r 403422c8  [0x403422C8] = 0xDF3F5FB4    ,22.70,-21.57,NA,NA,NA
#A1_ANT0,testmode22_2024_1210_1040.bin,44,5 7,0 0,4000,0,r 403422c8  [0x403422C8] = 0xC23F5578    ,1.46,-44.28,NA,NA,NA
#A1_ANT0,testmode22_2024_1210_1040.bin,44,5 7,0 0,4000,2,r 403422c8  [0x403422C8] = 0xC23F5598    ,3.49,-44.45,NA,NA,NA
#A1_ANT0,testmode22_2024_1210_1040.bin,44,5 7,0 0,4000,4,r 403422c8  [0x403422C8] = 0xC33F5778    ,5.54,-42.94,NA,NA,NA
#A1_ANT0,testmode22_2024_1210_1040.bin,44,5 7,0 0,4000,6,r 403422c8  [0x403422C8] = 0xC33F5797    ,7.56,-43.54,NA,NA,NA
#A1_ANT0,testmode22_2024_1210_1040.bin,44,5 7,0 0,4000,8,r 403422c8  [0x403422C8] = 0xD43F596E    ,9.63,-43.37,NA,NA,NA
#A1_ANT0,testmode22_2024_1210_1040.bin,44,5 7,0 0,4000,10,r 403422c8  [0x403422C8] = 0xD43F598B    ,11.54,-43.52,NA,NA,NA
#A1_ANT0,testmode22_2024_1210_1040.bin,44,5 7,0 0,4000,12,r 403422c8  [0x403422C8] = 0xD53F5B66    ,13.65,-43.35,NA,NA,NA
#A1_ANT0,testmode22_2024_1210_1040.bin,44,5 7,0 0,4000,14,r 403422c8  [0x403422C8] = 0xD53F5B80    ,15.58,-43.60,NA,NA,NA
#A1_ANT0,testmode22_2024_1210_1040.bin,44,5 7,0 0,4000,16,r 403422c8  [0x403422C8] = 0xDE3F5D63    ,17.51,-43.31,NA,NA,NA
#A1_ANT0,testmode22_2024_1210_1040.bin,44,5 7,0 0,4000,18,r 403422c8  [0x403422C8] = 0xDE3F5D7D    ,19.38,-38.27,NA,NA,NA
#A1_ANT0,testmode22_2024_1210_1040.bin,44,5 7,0 0,4000,20,r 403422c8  [0x403422C8] = 0xDF3F5F8F    ,21.13,-29.35,NA,NA,NA
#A1_ANT0,testmode22_2024_1210_1040.bin,44,5 7,0 0,4000,22,r 403422c8  [0x403422C8] = 0xDF3F5FB5    ,22.70,-21.67,NA,NA,NA
#A1_ANT0,testmode22_2024_1210_1040.bin,48,5 7,0 0,4000,0,r 403422c8  [0x403422C8] = 0xC23F5576    ,1.35,-43.20,NA,NA,NA
#A1_ANT0,testmode22_2024_1210_1040.bin,48,5 7,0 0,4000,2,r 403422c8  [0x403422C8] = 0xC23F5595    ,3.39,-43.64,NA,NA,NA
#A1_ANT0,testmode22_2024_1210_1040.bin,48,5 7,0 0,4000,4,r 403422c8  [0x403422C8] = 0xC33F5776    ,5.30,-41.95,NA,NA,NA
#A1_ANT0,testmode22_2024_1210_1040.bin,48,5 7,0 0,4000,6,r 403422c8  [0x403422C8] = 0xC33F5795    ,7.28,-42.25,NA,NA,NA
#A1_ANT0,testmode22_2024_1210_1040.bin,48,5 7,0 0,4000,8,r 403422c8  [0x403422C8] = 0xD43F596E    ,9.40,-42.52,NA,NA,NA
#A1_ANT0,testmode22_2024_1210_1040.bin,48,5 7,0 0,4000,10,r 403422c8  [0x403422C8] = 0xD43F598B    ,11.33,-43.33,NA,NA,NA
#A1_ANT0,testmode22_2024_1210_1040.bin,48,5 7,0 0,4000,12,r 403422c8  [0x403422C8] = 0xD53F5B66    ,13.39,-42.94,NA,NA,NA
#A1_ANT0,testmode22_2024_1210_1040.bin,48,5 7,0 0,4000,14,r 403422c8  [0x403422C8] = 0xD53F5B80    ,15.31,-42.87,NA,NA,NA
#A1_ANT0,testmode22_2024_1210_1040.bin,48,5 7,0 0,4000,16,r 403422c8  [0x403422C8] = 0xDE3F5D62    ,17.23,-43.41,NA,NA,NA
#A1_ANT0,testmode22_2024_1210_1040.bin,48,5 7,0 0,4000,18,r 403422c8  [0x403422C8] = 0xDE3F5D7B    ,19.12,-39.07,NA,NA,NA
#A1_ANT0,testmode22_2024_1210_1040.bin,48,5 7,0 0,4000,20,r 403422c8  [0x403422C8] = 0xDF3F5F8D    ,20.82,-30.65,NA,NA,NA
#A1_ANT0,testmode22_2024_1210_1040.bin,48,5 7,0 0,4000,22,r 403422c8  [0x403422C8] = 0xDF3F5FB1    ,22.46,-22.54,NA,NA,NA
#A1_ANT1,testmode22_2024_1210_1040.bin,36,5 7,0 0,4000,0,r 403422c8  [0x403422C8] = 0xC23F557A    ,0.73,-43.00,NA,NA,NA
#A1_ANT1,testmode22_2024_1210_1040.bin,36,5 7,0 0,4000,2,r 403422c8  [0x403422C8] = 0xC23F559A    ,2.82,-43.35,NA,NA,NA
#A1_ANT1,testmode22_2024_1210_1040.bin,36,5 7,0 0,4000,4,r 403422c8  [0x403422C8] = 0xC33F577A    ,4.80,-43.60,NA,NA,NA
#A1_ANT1,testmode22_2024_1210_1040.bin,36,5 7,0 0,4000,6,r 403422c8  [0x403422C8] = 0xC33F579A    ,6.83,-43.27,NA,NA,NA
#A1_ANT1,testmode22_2024_1210_1040.bin,36,5 7,0 0,4000,8,r 403422c8  [0x403422C8] = 0xD43F596F    ,8.85,-42.08,NA,NA,NA
#A1_ANT1,testmode22_2024_1210_1040.bin,36,5 7,0 0,4000,10,r 403422c8  [0x403422C8] = 0xD43F598C    ,10.86,-42.77,NA,NA,NA
#A1_ANT1,testmode22_2024_1210_1040.bin,36,5 7,0 0,4000,12,r 403422c8  [0x403422C8] = 0xD53F5B66    ,12.95,-42.57,NA,NA,NA
#A1_ANT1,testmode22_2024_1210_1040.bin,36,5 7,0 0,4000,14,r 403422c8  [0x403422C8] = 0xD53F5B80    ,14.88,-42.84,NA,NA,NA
#A1_ANT1,testmode22_2024_1210_1040.bin,36,5 7,0 0,4000,16,r 403422c8  [0x403422C8] = 0xDE3F5D60    ,16.77,-41.25,NA,NA,NA
#A1_ANT1,testmode22_2024_1210_1040.bin,36,5 7,0 0,4000,18,r 403422c8  [0x403422C8] = 0xDE3F5D79    ,18.70,-37.92,NA,NA,NA
#A1_ANT1,testmode22_2024_1210_1040.bin,36,5 7,0 0,4000,20,r 403422c8  [0x403422C8] = 0xDF3F5F8D    ,20.49,-30.04,NA,NA,NA
#A1_ANT1,testmode22_2024_1210_1040.bin,36,5 7,0 0,4000,22,r 403422c8  [0x403422C8] = 0xDF3F5FB1    ,22.10,-23.11,NA,NA,NA
#A1_ANT1,testmode22_2024_1210_1040.bin,40,5 7,0 0,4000,0,r 403422c8  [0x403422C8] = 0xC23F5579    ,1.15,-42.46,NA,NA,NA
#A1_ANT1,testmode22_2024_1210_1040.bin,40,5 7,0 0,4000,2,r 403422c8  [0x403422C8] = 0xC23F5599    ,3.28,-42.15,NA,NA,NA
#A1_ANT1,testmode22_2024_1210_1040.bin,40,5 7,0 0,4000,4,r 403422c8  [0x403422C8] = 0xC33F5779    ,5.07,-42.09,NA,NA,NA
#A1_ANT1,testmode22_2024_1210_1040.bin,40,5 7,0 0,4000,6,r 403422c8  [0x403422C8] = 0xC33F5798    ,7.11,-41.89,NA,NA,NA
#A1_ANT1,testmode22_2024_1210_1040.bin,40,5 7,0 0,4000,8,r 403422c8  [0x403422C8] = 0xD43F596E    ,9.16,-41.65,NA,NA,NA
#A1_ANT1,testmode22_2024_1210_1040.bin,40,5 7,0 0,4000,10,r 403422c8  [0x403422C8] = 0xD43F598B    ,11.22,-42.27,NA,NA,NA
#A1_ANT1,testmode22_2024_1210_1040.bin,40,5 7,0 0,4000,12,r 403422c8  [0x403422C8] = 0xD53F5B66    ,13.28,-42.70,NA,NA,NA
#A1_ANT1,testmode22_2024_1210_1040.bin,40,5 7,0 0,4000,14,r 403422c8  [0x403422C8] = 0xD53F5B80    ,15.23,-43.09,NA,NA,NA
#A1_ANT1,testmode22_2024_1210_1040.bin,40,5 7,0 0,4000,16,r 403422c8  [0x403422C8] = 0xDE3F5D62    ,17.13,-41.57,NA,NA,NA
#A1_ANT1,testmode22_2024_1210_1040.bin,40,5 7,0 0,4000,18,r 403422c8  [0x403422C8] = 0xDE3F5D7B    ,19.01,-38.38,NA,NA,NA
#A1_ANT1,testmode22_2024_1210_1040.bin,40,5 7,0 0,4000,20,r 403422c8  [0x403422C8] = 0xDF3F5F8F    ,20.81,-29.94,NA,NA,NA
#A1_ANT1,testmode22_2024_1210_1040.bin,40,5 7,0 0,4000,22,r 403422c8  [0x403422C8] = 0xDF3F5FB4    ,22.41,-22.31,NA,NA,NA
#A1_ANT1,testmode22_2024_1210_1040.bin,44,5 7,0 0,4000,0,r 403422c8  [0x403422C8] = 0xC23F5577    ,1.15,-42.97,NA,NA,NA
#A1_ANT1,testmode22_2024_1210_1040.bin,44,5 7,0 0,4000,2,r 403422c8  [0x403422C8] = 0xC23F5596    ,3.28,-43.24,NA,NA,NA
#A1_ANT1,testmode22_2024_1210_1040.bin,44,5 7,0 0,4000,4,r 403422c8  [0x403422C8] = 0xC33F5777    ,5.24,-42.22,NA,NA,NA
#A1_ANT1,testmode22_2024_1210_1040.bin,44,5 7,0 0,4000,6,r 403422c8  [0x403422C8] = 0xC33F5796    ,7.28,-42.68,NA,NA,NA
#A1_ANT1,testmode22_2024_1210_1040.bin,44,5 7,0 0,4000,8,r 403422c8  [0x403422C8] = 0xD43F596E    ,9.37,-43.07,NA,NA,NA
#A1_ANT1,testmode22_2024_1210_1040.bin,44,5 7,0 0,4000,10,r 403422c8  [0x403422C8] = 0xD43F598A    ,11.35,-43.30,NA,NA,NA
#A1_ANT1,testmode22_2024_1210_1040.bin,44,5 7,0 0,4000,12,r 403422c8  [0x403422C8] = 0xD53F5B66    ,13.39,-41.80,NA,NA,NA
#A1_ANT1,testmode22_2024_1210_1040.bin,44,5 7,0 0,4000,14,r 403422c8  [0x403422C8] = 0xD53F5B80    ,15.33,-42.60,NA,NA,NA
#A1_ANT1,testmode22_2024_1210_1040.bin,44,5 7,0 0,4000,16,r 403422c8  [0x403422C8] = 0xDE3F5D63    ,17.26,-41.98,NA,NA,NA
#A1_ANT1,testmode22_2024_1210_1040.bin,44,5 7,0 0,4000,18,r 403422c8  [0x403422C8] = 0xDE3F5D7C    ,19.11,-39.21,NA,NA,NA
#A1_ANT1,testmode22_2024_1210_1040.bin,44,5 7,0 0,4000,20,r 403422c8  [0x403422C8] = 0xDF3F5F8E    ,20.86,-29.73,NA,NA,NA
#A1_ANT1,testmode22_2024_1210_1040.bin,44,5 7,0 0,4000,22,r 403422c8  [0x403422C8] = 0xDF3F5FB3    ,22.49,-22.29,NA,NA,NA
#A1_ANT1,testmode22_2024_1210_1040.bin,48,5 7,0 0,4000,0,r 403422c8  [0x403422C8] = 0xC23F5577    ,1.24,-42.06,NA,NA,NA
#A1_ANT1,testmode22_2024_1210_1040.bin,48,5 7,0 0,4000,2,r 403422c8  [0x403422C8] = 0xC23F5596    ,3.34,-42.29,NA,NA,NA
#A1_ANT1,testmode22_2024_1210_1040.bin,48,5 7,0 0,4000,4,r 403422c8  [0x403422C8] = 0xC33F5777    ,5.29,-43.16,NA,NA,NA
#A1_ANT1,testmode22_2024_1210_1040.bin,48,5 7,0 0,4000,6,r 403422c8  [0x403422C8] = 0xC33F5796    ,7.32,-43.25,NA,NA,NA
#A1_ANT1,testmode22_2024_1210_1040.bin,48,5 7,0 0,4000,8,r 403422c8  [0x403422C8] = 0xD43F596E    ,9.38,-41.89,NA,NA,NA
#A1_ANT1,testmode22_2024_1210_1040.bin,48,5 7,0 0,4000,10,r 403422c8  [0x403422C8] = 0xD43F598A    ,11.35,-42.56,NA,NA,NA
#A1_ANT1,testmode22_2024_1210_1040.bin,48,5 7,0 0,4000,12,r 403422c8  [0x403422C8] = 0xD53F5B66    ,13.32,-42.71,NA,NA,NA
#A1_ANT1,testmode22_2024_1210_1040.bin,48,5 7,0 0,4000,14,r 403422c8  [0x403422C8] = 0xD53F5B80    ,15.29,-43.04,NA,NA,NA
#A1_ANT1,testmode22_2024_1210_1040.bin,48,5 7,0 0,4000,16,r 403422c8  [0x403422C8] = 0xDE3F5D64    ,17.19,-42.41,NA,NA,NA
#A1_ANT1,testmode22_2024_1210_1040.bin,48,5 7,0 0,4000,18,r 403422c8  [0x403422C8] = 0xDE3F5D7E    ,19.09,-38.82,NA,NA,NA
#A1_ANT1,testmode22_2024_1210_1040.bin,48,5 7,0 0,4000,20,r 403422c8  [0x403422C8] = 0xDF3F5F8D    ,20.84,-30.30,NA,NA,NA
#A1_ANT1,testmode22_2024_1210_1040.bin,48,5 7,0 0,4000,22,r 403422c8  [0x403422C8] = 0xDF3F5FB1    ,22.42,-22.79,NA,NA,NA
#A1_ANT0,testmode22_2024_1210_1040.bin,52,5 7,0 0,4000,0,r 403422c8  [0x403422C8] = 0xC23F5585    ,0.66,-45.10,NA,NA,NA
#A1_ANT0,testmode22_2024_1210_1040.bin,52,5 7,0 0,4000,2,r 403422c8  [0x403422C8] = 0xC23F55A6    ,2.66,-44.66,NA,NA,NA
#A1_ANT0,testmode22_2024_1210_1040.bin,52,5 7,0 0,4000,4,r 403422c8  [0x403422C8] = 0xC33F5785    ,4.52,-43.67,NA,NA,NA
#A1_ANT0,testmode22_2024_1210_1040.bin,52,5 7,0 0,4000,6,r 403422c8  [0x403422C8] = 0xC33F57A7    ,6.56,-43.28,NA,NA,NA
#A1_ANT0,testmode22_2024_1210_1040.bin,52,5 7,0 0,4000,8,r 403422c8  [0x403422C8] = 0xD43F597B    ,8.62,-44.15,NA,NA,NA
#A1_ANT0,testmode22_2024_1210_1040.bin,52,5 7,0 0,4000,10,r 403422c8  [0x403422C8] = 0xD43F599B    ,10.65,-44.34,NA,NA,NA
#A1_ANT0,testmode22_2024_1210_1040.bin,52,5 7,0 0,4000,12,r 403422c8  [0x403422C8] = 0xD53F5B72    ,12.63,-44.13,NA,NA,NA
#A1_ANT0,testmode22_2024_1210_1040.bin,52,5 7,0 0,4000,14,r 403422c8  [0x403422C8] = 0xD53F5B90    ,14.66,-44.16,NA,NA,NA
#A1_ANT0,testmode22_2024_1210_1040.bin,52,5 7,0 0,4000,16,r 403422c8  [0x403422C8] = 0xDE3F5D6B    ,16.57,-43.61,NA,NA,NA
#A1_ANT0,testmode22_2024_1210_1040.bin,52,5 7,0 0,4000,18,r 403422c8  [0x403422C8] = 0xDE3F5D87    ,18.48,-41.15,NA,NA,NA
#A1_ANT0,testmode22_2024_1210_1040.bin,52,5 7,0 0,4000,20,r 403422c8  [0x403422C8] = 0xDF3F5F8F    ,20.29,-32.18,NA,NA,NA
#A1_ANT0,testmode22_2024_1210_1040.bin,52,5 7,0 0,4000,22,r 403422c8  [0x403422C8] = 0xDF3F5FB4    ,21.97,-23.90,NA,NA,NA
#A1_ANT0,testmode22_2024_1210_1040.bin,56,5 7,0 0,4000,0,r 403422c8  [0x403422C8] = 0xC23F5585    ,0.71,-44.66,NA,NA,NA
#A1_ANT0,testmode22_2024_1210_1040.bin,56,5 7,0 0,4000,2,r 403422c8  [0x403422C8] = 0xC23F55A6    ,2.67,-44.13,NA,NA,NA
#A1_ANT0,testmode22_2024_1210_1040.bin,56,5 7,0 0,4000,4,r 403422c8  [0x403422C8] = 0xC33F5784    ,4.56,-43.83,NA,NA,NA
#A1_ANT0,testmode22_2024_1210_1040.bin,56,5 7,0 0,4000,6,r 403422c8  [0x403422C8] = 0xC33F57A6    ,6.60,-42.88,NA,NA,NA
#A1_ANT0,testmode22_2024_1210_1040.bin,56,5 7,0 0,4000,8,r 403422c8  [0x403422C8] = 0xD43F597B    ,8.69,-43.47,NA,NA,NA
#A1_ANT0,testmode22_2024_1210_1040.bin,56,5 7,0 0,4000,10,r 403422c8  [0x403422C8] = 0xD43F599B    ,10.65,-43.82,NA,NA,NA
#A1_ANT0,testmode22_2024_1210_1040.bin,56,5 7,0 0,4000,12,r 403422c8  [0x403422C8] = 0xD53F5B72    ,12.62,-42.14,NA,NA,NA
#A1_ANT0,testmode22_2024_1210_1040.bin,56,5 7,0 0,4000,14,r 403422c8  [0x403422C8] = 0xD53F5B90    ,14.64,-42.22,NA,NA,NA
#A1_ANT0,testmode22_2024_1210_1040.bin,56,5 7,0 0,4000,16,r 403422c8  [0x403422C8] = 0xDE3F5D6D    ,16.56,-43.24,NA,NA,NA
#A1_ANT0,testmode22_2024_1210_1040.bin,56,5 7,0 0,4000,18,r 403422c8  [0x403422C8] = 0xDE3F5D89    ,18.50,-40.18,NA,NA,NA
#A1_ANT0,testmode22_2024_1210_1040.bin,56,5 7,0 0,4000,20,r 403422c8  [0x403422C8] = 0xDF3F5F8E    ,20.33,-31.59,NA,NA,NA
#A1_ANT0,testmode22_2024_1210_1040.bin,56,5 7,0 0,4000,22,r 403422c8  [0x403422C8] = 0xDF3F5FB2    ,21.99,-23.44,NA,NA,NA
#A1_ANT0,testmode22_2024_1210_1040.bin,60,5 7,0 0,4000,0,r 403422c8  [0x403422C8] = 0xC23F5585    ,0.97,-44.77,NA,NA,NA
#A1_ANT0,testmode22_2024_1210_1040.bin,60,5 7,0 0,4000,2,r 403422c8  [0x403422C8] = 0xC23F55A6    ,2.88,-44.46,NA,NA,NA
#A1_ANT0,testmode22_2024_1210_1040.bin,60,5 7,0 0,4000,4,r 403422c8  [0x403422C8] = 0xC33F5784    ,4.79,-42.73,NA,NA,NA
#A1_ANT0,testmode22_2024_1210_1040.bin,60,5 7,0 0,4000,6,r 403422c8  [0x403422C8] = 0xC33F57A7    ,6.85,-42.14,NA,NA,NA
#A1_ANT0,testmode22_2024_1210_1040.bin,60,5 7,0 0,4000,8,r 403422c8  [0x403422C8] = 0xD43F597B    ,8.85,-44.22,NA,NA,NA
#A1_ANT0,testmode22_2024_1210_1040.bin,60,5 7,0 0,4000,10,r 403422c8  [0x403422C8] = 0xD43F599B    ,10.92,-43.13,NA,NA,NA
#A1_ANT0,testmode22_2024_1210_1040.bin,60,5 7,0 0,4000,12,r 403422c8  [0x403422C8] = 0xD53F5B72    ,12.96,-44.24,NA,NA,NA
#A1_ANT0,testmode22_2024_1210_1040.bin,60,5 7,0 0,4000,14,r 403422c8  [0x403422C8] = 0xD53F5B90    ,14.96,-43.69,NA,NA,NA
#A1_ANT0,testmode22_2024_1210_1040.bin,60,5 7,0 0,4000,16,r 403422c8  [0x403422C8] = 0xDE3F5D6E    ,16.91,-43.77,NA,NA,NA
#A1_ANT0,testmode22_2024_1210_1040.bin,60,5 7,0 0,4000,18,r 403422c8  [0x403422C8] = 0xDE3F5D8B    ,18.83,-39.30,NA,NA,NA
#A1_ANT0,testmode22_2024_1210_1040.bin,60,5 7,0 0,4000,20,r 403422c8  [0x403422C8] = 0xDF3F5F8F    ,20.60,-30.18,NA,NA,NA
#A1_ANT0,testmode22_2024_1210_1040.bin,60,5 7,0 0,4000,22,r 403422c8  [0x403422C8] = 0xDF3F5FB4    ,22.22,-22.80,NA,NA,NA
#A1_ANT0,testmode22_2024_1210_1040.bin,64,5 7,0 0,4000,0,r 403422c8  [0x403422C8] = 0xC23F5583    ,1.30,-44.10,NA,NA,NA
#A1_ANT0,testmode22_2024_1210_1040.bin,64,5 7,0 0,4000,2,r 403422c8  [0x403422C8] = 0xC23F55A3    ,3.20,-44.17,NA,NA,NA
#A1_ANT0,testmode22_2024_1210_1040.bin,64,5 7,0 0,4000,4,r 403422c8  [0x403422C8] = 0xC33F5782    ,5.17,-43.44,NA,NA,NA
#A1_ANT0,testmode22_2024_1210_1040.bin,64,5 7,0 0,4000,6,r 403422c8  [0x403422C8] = 0xC33F57A4    ,7.15,-43.26,NA,NA,NA
#A1_ANT0,testmode22_2024_1210_1040.bin,64,5 7,0 0,4000,8,r 403422c8  [0x403422C8] = 0xD43F597A    ,9.23,-43.71,NA,NA,NA
#A1_ANT0,testmode22_2024_1210_1040.bin,64,5 7,0 0,4000,10,r 403422c8  [0x403422C8] = 0xD43F5999    ,11.32,-43.10,NA,NA,NA
#A1_ANT0,testmode22_2024_1210_1040.bin,64,5 7,0 0,4000,12,r 403422c8  [0x403422C8] = 0xD53F5B72    ,13.36,-43.68,NA,NA,NA
#A1_ANT0,testmode22_2024_1210_1040.bin,64,5 7,0 0,4000,14,r 403422c8  [0x403422C8] = 0xD53F5B90    ,15.38,-43.71,NA,NA,NA
#A1_ANT0,testmode22_2024_1210_1040.bin,64,5 7,0 0,4000,16,r 403422c8  [0x403422C8] = 0xDE3F5D6E    ,17.26,-43.69,NA,NA,NA
#A1_ANT0,testmode22_2024_1210_1040.bin,64,5 7,0 0,4000,18,r 403422c8  [0x403422C8] = 0xDE3F5D8B    ,19.19,-38.80,NA,NA,NA
#A1_ANT0,testmode22_2024_1210_1040.bin,64,5 7,0 0,4000,20,r 403422c8  [0x403422C8] = 0xDF3F5F8E    ,20.93,-29.55,NA,NA,NA
#A1_ANT0,testmode22_2024_1210_1040.bin,64,5 7,0 0,4000,22,r 403422c8  [0x403422C8] = 0xDF3F5FB3    ,22.51,-21.93,NA,NA,NA
#A1_ANT1,testmode22_2024_1210_1040.bin,52,5 7,0 0,4000,0,r 403422c8  [0x403422C8] = 0xC23F5586    ,0.50,-43.51,NA,NA,NA
#A1_ANT1,testmode22_2024_1210_1040.bin,52,5 7,0 0,4000,2,r 403422c8  [0x403422C8] = 0xC23F55A7    ,2.48,-43.67,NA,NA,NA
#A1_ANT1,testmode22_2024_1210_1040.bin,52,5 7,0 0,4000,4,r 403422c8  [0x403422C8] = 0xC33F5786    ,4.57,-43.12,NA,NA,NA
#A1_ANT1,testmode22_2024_1210_1040.bin,52,5 7,0 0,4000,6,r 403422c8  [0x403422C8] = 0xC33F57A8    ,6.55,-43.19,NA,NA,NA
#A1_ANT1,testmode22_2024_1210_1040.bin,52,5 7,0 0,4000,8,r 403422c8  [0x403422C8] = 0xD43F597B    ,8.76,-42.37,NA,NA,NA
#A1_ANT1,testmode22_2024_1210_1040.bin,52,5 7,0 0,4000,10,r 403422c8  [0x403422C8] = 0xD43F599B    ,10.73,-42.81,NA,NA,NA
#A1_ANT1,testmode22_2024_1210_1040.bin,52,5 7,0 0,4000,12,r 403422c8  [0x403422C8] = 0xD53F5B72    ,12.68,-43.17,NA,NA,NA
#A1_ANT1,testmode22_2024_1210_1040.bin,52,5 7,0 0,4000,14,r 403422c8  [0x403422C8] = 0xD53F5B90    ,14.68,-43.87,NA,NA,NA
#A1_ANT1,testmode22_2024_1210_1040.bin,52,5 7,0 0,4000,16,r 403422c8  [0x403422C8] = 0xDE3F5D6C    ,16.64,-42.41,NA,NA,NA
#A1_ANT1,testmode22_2024_1210_1040.bin,52,5 7,0 0,4000,18,r 403422c8  [0x403422C8] = 0xDE3F5D88    ,18.56,-40.61,NA,NA,NA
#A1_ANT1,testmode22_2024_1210_1040.bin,52,5 7,0 0,4000,20,r 403422c8  [0x403422C8] = 0xDF3F5F8F    ,20.36,-32.38,NA,NA,NA
#A1_ANT1,testmode22_2024_1210_1040.bin,52,5 7,0 0,4000,22,r 403422c8  [0x403422C8] = 0xDF3F5FB4    ,22.05,-24.17,NA,NA,NA
#A1_ANT1,testmode22_2024_1210_1040.bin,56,5 7,0 0,4000,0,r 403422c8  [0x403422C8] = 0xC23F5586    ,0.68,-43.63,NA,NA,NA
#A1_ANT1,testmode22_2024_1210_1040.bin,56,5 7,0 0,4000,2,r 403422c8  [0x403422C8] = 0xC23F55A7    ,2.66,-43.33,NA,NA,NA
#A1_ANT1,testmode22_2024_1210_1040.bin,56,5 7,0 0,4000,4,r 403422c8  [0x403422C8] = 0xC33F5785    ,4.69,-42.95,NA,NA,NA
#A1_ANT1,testmode22_2024_1210_1040.bin,56,5 7,0 0,4000,6,r 403422c8  [0x403422C8] = 0xC33F57A8    ,6.75,-42.96,NA,NA,NA
#A1_ANT1,testmode22_2024_1210_1040.bin,56,5 7,0 0,4000,8,r 403422c8  [0x403422C8] = 0xD43F597B    ,8.89,-42.84,NA,NA,NA
#A1_ANT1,testmode22_2024_1210_1040.bin,56,5 7,0 0,4000,10,r 403422c8  [0x403422C8] = 0xD43F599B    ,10.86,-42.64,NA,NA,NA
#A1_ANT1,testmode22_2024_1210_1040.bin,56,5 7,0 0,4000,12,r 403422c8  [0x403422C8] = 0xD53F5B72    ,12.86,-43.40,NA,NA,NA
#A1_ANT1,testmode22_2024_1210_1040.bin,56,5 7,0 0,4000,14,r 403422c8  [0x403422C8] = 0xD53F5B90    ,14.86,-43.48,NA,NA,NA
#A1_ANT1,testmode22_2024_1210_1040.bin,56,5 7,0 0,4000,16,r 403422c8  [0x403422C8] = 0xDE3F5D6E    ,16.83,-42.71,NA,NA,NA
#A1_ANT1,testmode22_2024_1210_1040.bin,56,5 7,0 0,4000,18,r 403422c8  [0x403422C8] = 0xDE3F5D8A    ,18.71,-40.46,NA,NA,NA
#A1_ANT1,testmode22_2024_1210_1040.bin,56,5 7,0 0,4000,20,r 403422c8  [0x403422C8] = 0xDF3F5F8F    ,20.51,-31.71,NA,NA,NA
#A1_ANT1,testmode22_2024_1210_1040.bin,56,5 7,0 0,4000,22,r 403422c8  [0x403422C8] = 0xDF3F5FB4    ,22.17,-23.56,NA,NA,NA
#A1_ANT1,testmode22_2024_1210_1040.bin,60,5 7,0 0,4000,0,r 403422c8  [0x403422C8] = 0xC23F5585    ,0.94,-43.62,NA,NA,NA
#A1_ANT1,testmode22_2024_1210_1040.bin,60,5 7,0 0,4000,2,r 403422c8  [0x403422C8] = 0xC23F55A6    ,2.93,-43.39,NA,NA,NA
#A1_ANT1,testmode22_2024_1210_1040.bin,60,5 7,0 0,4000,4,r 403422c8  [0x403422C8] = 0xC33F5785    ,5.05,-43.14,NA,NA,NA
#A1_ANT1,testmode22_2024_1210_1040.bin,60,5 7,0 0,4000,6,r 403422c8  [0x403422C8] = 0xC33F57A7    ,7.04,-42.74,NA,NA,NA
#A1_ANT1,testmode22_2024_1210_1040.bin,60,5 7,0 0,4000,8,r 403422c8  [0x403422C8] = 0xD43F597B    ,9.13,-43.40,NA,NA,NA
#A1_ANT1,testmode22_2024_1210_1040.bin,60,5 7,0 0,4000,10,r 403422c8  [0x403422C8] = 0xD43F599B    ,11.14,-43.26,NA,NA,NA
#A1_ANT1,testmode22_2024_1210_1040.bin,60,5 7,0 0,4000,12,r 403422c8  [0x403422C8] = 0xD53F5B72    ,13.19,-42.40,NA,NA,NA
#A1_ANT1,testmode22_2024_1210_1040.bin,60,5 7,0 0,4000,14,r 403422c8  [0x403422C8] = 0xD53F5B90    ,15.19,-43.08,NA,NA,NA
#A1_ANT1,testmode22_2024_1210_1040.bin,60,5 7,0 0,4000,16,r 403422c8  [0x403422C8] = 0xDE3F5D6D    ,17.11,-41.23,NA,NA,NA
#A1_ANT1,testmode22_2024_1210_1040.bin,60,5 7,0 0,4000,18,r 403422c8  [0x403422C8] = 0xDE3F5D89    ,18.98,-37.25,NA,NA,NA
#A1_ANT1,testmode22_2024_1210_1040.bin,60,5 7,0 0,4000,20,r 403422c8  [0x403422C8] = 0xDF3F5F8F    ,20.78,-30.13,NA,NA,NA
#A1_ANT1,testmode22_2024_1210_1040.bin,60,5 7,0 0,4000,22,r 403422c8  [0x403422C8] = 0xDF3F5FB4    ,22.40,-22.72,NA,NA,NA
#A1_ANT1,testmode22_2024_1210_1040.bin,64,5 7,0 0,4000,0,r 403422c8  [0x403422C8] = 0xC23F5584    ,1.39,-43.84,NA,NA,NA
#A1_ANT1,testmode22_2024_1210_1040.bin,64,5 7,0 0,4000,2,r 403422c8  [0x403422C8] = 0xC23F55A5    ,3.38,-43.20,NA,NA,NA
#A1_ANT1,testmode22_2024_1210_1040.bin,64,5 7,0 0,4000,4,r 403422c8  [0x403422C8] = 0xC33F5783    ,5.43,-42.63,NA,NA,NA
#A1_ANT1,testmode22_2024_1210_1040.bin,64,5 7,0 0,4000,6,r 403422c8  [0x403422C8] = 0xC33F57A5    ,7.45,-42.89,NA,NA,NA
#A1_ANT1,testmode22_2024_1210_1040.bin,64,5 7,0 0,4000,8,r 403422c8  [0x403422C8] = 0xD43F597A    ,9.56,-43.81,NA,NA,NA
#A1_ANT1,testmode22_2024_1210_1040.bin,64,5 7,0 0,4000,10,r 403422c8  [0x403422C8] = 0xD43F599A    ,11.57,-43.61,NA,NA,NA
#A1_ANT1,testmode22_2024_1210_1040.bin,64,5 7,0 0,4000,12,r 403422c8  [0x403422C8] = 0xD53F5B72    ,13.61,-43.66,NA,NA,NA
#A1_ANT1,testmode22_2024_1210_1040.bin,64,5 7,0 0,4000,14,r 403422c8  [0x403422C8] = 0xD53F5B90    ,15.60,-43.86,NA,NA,NA
#A1_ANT1,testmode22_2024_1210_1040.bin,64,5 7,0 0,4000,16,r 403422c8  [0x403422C8] = 0xDE3F5D6F    ,17.58,-43.03,NA,NA,NA
#A1_ANT1,testmode22_2024_1210_1040.bin,64,5 7,0 0,4000,18,r 403422c8  [0x403422C8] = 0xDE3F5D8B    ,19.44,-37.56,NA,NA,NA
#A1_ANT1,testmode22_2024_1210_1040.bin,64,5 7,0 0,4000,20,r 403422c8  [0x403422C8] = 0xDF3F5F90    ,21.14,-28.65,NA,NA,NA
#A1_ANT1,testmode22_2024_1210_1040.bin,64,5 7,0 0,4000,22,r 403422c8  [0x403422C8] = 0xDF3F5FB5    ,22.71,-21.52,NA,NA,NA
#A1_ANT0,testmode22_2024_1210_1040.bin,100,5 7,0 0,4000,0,r 403422c8  [0x403422C8] = 0xC13F539D    ,-0.31,-43.50,NA,NA,NA
#A1_ANT0,testmode22_2024_1210_1040.bin,100,5 7,0 0,4000,2,r 403422c8  [0x403422C8] = 0xC23F557D    ,1.87,-44.30,NA,NA,NA
#A1_ANT0,testmode22_2024_1210_1040.bin,100,5 7,0 0,4000,4,r 403422c8  [0x403422C8] = 0xC23F559D    ,3.75,-43.86,NA,NA,NA
#A1_ANT0,testmode22_2024_1210_1040.bin,100,5 7,0 0,4000,6,r 403422c8  [0x403422C8] = 0xC33F577C    ,5.70,-43.40,NA,NA,NA
#A1_ANT0,testmode22_2024_1210_1040.bin,100,5 7,0 0,4000,8,r 403422c8  [0x403422C8] = 0xC33F579D    ,7.67,-43.31,NA,NA,NA
#A1_ANT0,testmode22_2024_1210_1040.bin,100,5 7,0 0,4000,10,r 403422c8  [0x403422C8] = 0xD43F5977    ,9.85,-42.37,NA,NA,NA
#A1_ANT0,testmode22_2024_1210_1040.bin,100,5 7,0 0,4000,12,r 403422c8  [0x403422C8] = 0xD43F5996    ,11.84,-43.05,NA,NA,NA
#A1_ANT0,testmode22_2024_1210_1040.bin,100,5 7,0 0,4000,14,r 403422c8  [0x403422C8] = 0xD53F5B72    ,13.80,-43.40,NA,NA,NA
#A1_ANT0,testmode22_2024_1210_1040.bin,100,5 7,0 0,4000,16,r 403422c8  [0x403422C8] = 0xD53F5B90    ,15.81,-43.12,NA,NA,NA
#A1_ANT0,testmode22_2024_1210_1040.bin,100,5 7,0 0,4000,18,r 403422c8  [0x403422C8] = 0xDE3F5D71    ,17.77,-43.31,NA,NA,NA
#A1_ANT0,testmode22_2024_1210_1040.bin,100,5 7,0 0,4000,20,r 403422c8  [0x403422C8] = 0xDE3F5D8E    ,19.63,-37.24,NA,NA,NA
#A1_ANT0,testmode22_2024_1210_1040.bin,100,5 7,0 0,4000,22,r 403422c8  [0x403422C8] = 0xDF3F5F92    ,21.33,-28.29,NA,NA,NA
#A1_ANT0,testmode22_2024_1210_1040.bin,104,5 7,0 0,4000,0,r 403422c8  [0x403422C8] = 0xC13F539D    ,-0.15,-43.94,NA,NA,NA
#A1_ANT0,testmode22_2024_1210_1040.bin,104,5 7,0 0,4000,2,r 403422c8  [0x403422C8] = 0xC23F557D    ,1.99,-43.83,NA,NA,NA
#A1_ANT0,testmode22_2024_1210_1040.bin,104,5 7,0 0,4000,4,r 403422c8  [0x403422C8] = 0xC23F559D    ,3.90,-43.84,NA,NA,NA
#A1_ANT0,testmode22_2024_1210_1040.bin,104,5 7,0 0,4000,6,r 403422c8  [0x403422C8] = 0xC33F577C    ,5.83,-42.49,NA,NA,NA
#A1_ANT0,testmode22_2024_1210_1040.bin,104,5 7,0 0,4000,8,r 403422c8  [0x403422C8] = 0xC33F579C    ,7.81,-41.90,NA,NA,NA
#A1_ANT0,testmode22_2024_1210_1040.bin,104,5 7,0 0,4000,10,r 403422c8  [0x403422C8] = 0xD43F5977    ,9.87,-43.20,NA,NA,NA
#A1_ANT0,testmode22_2024_1210_1040.bin,104,5 7,0 0,4000,12,r 403422c8  [0x403422C8] = 0xD43F5996    ,11.83,-43.52,NA,NA,NA
#A1_ANT0,testmode22_2024_1210_1040.bin,104,5 7,0 0,4000,14,r 403422c8  [0x403422C8] = 0xD53F5B72    ,13.88,-43.54,NA,NA,NA
#A1_ANT0,testmode22_2024_1210_1040.bin,104,5 7,0 0,4000,16,r 403422c8  [0x403422C8] = 0xD53F5B90    ,15.91,-43.82,NA,NA,NA
#A1_ANT0,testmode22_2024_1210_1040.bin,104,5 7,0 0,4000,18,r 403422c8  [0x403422C8] = 0xDE3F5D71    ,17.82,-43.28,NA,NA,NA
#A1_ANT0,testmode22_2024_1210_1040.bin,104,5 7,0 0,4000,20,r 403422c8  [0x403422C8] = 0xDE3F5D8F    ,19.68,-35.92,NA,NA,NA
#A1_ANT0,testmode22_2024_1210_1040.bin,104,5 7,0 0,4000,22,r 403422c8  [0x403422C8] = 0xDF3F5F92    ,21.37,-28.06,NA,NA,NA
#A1_ANT0,testmode22_2024_1210_1040.bin,108,5 7,0 0,4000,0,r 403422c8  [0x403422C8] = 0xC13F539A    ,-0.17,-44.08,NA,NA,NA
#A1_ANT0,testmode22_2024_1210_1040.bin,108,5 7,0 0,4000,2,r 403422c8  [0x403422C8] = 0xC23F557B    ,1.94,-44.51,NA,NA,NA
#A1_ANT0,testmode22_2024_1210_1040.bin,108,5 7,0 0,4000,4,r 403422c8  [0x403422C8] = 0xC23F559A    ,3.85,-44.01,NA,NA,NA
#A1_ANT0,testmode22_2024_1210_1040.bin,108,5 7,0 0,4000,6,r 403422c8  [0x403422C8] = 0xC33F577B    ,5.73,-44.35,NA,NA,NA
#A1_ANT0,testmode22_2024_1210_1040.bin,108,5 7,0 0,4000,8,r 403422c8  [0x403422C8] = 0xC33F579B    ,7.77,-43.61,NA,NA,NA
#A1_ANT0,testmode22_2024_1210_1040.bin,108,5 7,0 0,4000,10,r 403422c8  [0x403422C8] = 0xD43F5976    ,9.80,-43.75,NA,NA,NA
#A1_ANT0,testmode22_2024_1210_1040.bin,108,5 7,0 0,4000,12,r 403422c8  [0x403422C8] = 0xD43F5995    ,11.83,-43.48,NA,NA,NA
#A1_ANT0,testmode22_2024_1210_1040.bin,108,5 7,0 0,4000,14,r 403422c8  [0x403422C8] = 0xD53F5B72    ,13.84,-42.61,NA,NA,NA
#A1_ANT0,testmode22_2024_1210_1040.bin,108,5 7,0 0,4000,16,r 403422c8  [0x403422C8] = 0xD53F5B90    ,15.85,-43.43,NA,NA,NA
#A1_ANT0,testmode22_2024_1210_1040.bin,108,5 7,0 0,4000,18,r 403422c8  [0x403422C8] = 0xDE3F5D72    ,17.77,-43.46,NA,NA,NA
#A1_ANT0,testmode22_2024_1210_1040.bin,108,5 7,0 0,4000,20,r 403422c8  [0x403422C8] = 0xDE3F5D8F    ,19.62,-35.78,NA,NA,NA
#A1_ANT0,testmode22_2024_1210_1040.bin,108,5 7,0 0,4000,22,r 403422c8  [0x403422C8] = 0xDF3F5F8D    ,21.24,-28.36,NA,NA,NA
#A1_ANT0,testmode22_2024_1210_1040.bin,112,5 7,0 0,4000,0,r 403422c8  [0x403422C8] = 0xC13F5399    ,-0.30,-43.84,NA,NA,NA
#A1_ANT0,testmode22_2024_1210_1040.bin,112,5 7,0 0,4000,2,r 403422c8  [0x403422C8] = 0xC23F557A    ,1.81,-44.12,NA,NA,NA
#A1_ANT0,testmode22_2024_1210_1040.bin,112,5 7,0 0,4000,4,r 403422c8  [0x403422C8] = 0xC23F5599    ,3.72,-44.02,NA,NA,NA
#A1_ANT0,testmode22_2024_1210_1040.bin,112,5 7,0 0,4000,6,r 403422c8  [0x403422C8] = 0xC33F577A    ,5.59,-43.27,NA,NA,NA
#A1_ANT0,testmode22_2024_1210_1040.bin,112,5 7,0 0,4000,8,r 403422c8  [0x403422C8] = 0xC33F5799    ,7.65,-42.74,NA,NA,NA
#A1_ANT0,testmode22_2024_1210_1040.bin,112,5 7,0 0,4000,10,r 403422c8  [0x403422C8] = 0xD43F5976    ,9.71,-43.68,NA,NA,NA
#A1_ANT0,testmode22_2024_1210_1040.bin,112,5 7,0 0,4000,12,r 403422c8  [0x403422C8] = 0xD43F5994    ,11.66,-43.34,NA,NA,NA
#A1_ANT0,testmode22_2024_1210_1040.bin,112,5 7,0 0,4000,14,r 403422c8  [0x403422C8] = 0xD53F5B72    ,13.69,-42.20,NA,NA,NA
#A1_ANT0,testmode22_2024_1210_1040.bin,112,5 7,0 0,4000,16,r 403422c8  [0x403422C8] = 0xD53F5B90    ,15.66,-43.12,NA,NA,NA
#A1_ANT0,testmode22_2024_1210_1040.bin,112,5 7,0 0,4000,18,r 403422c8  [0x403422C8] = 0xDE3F5D70    ,17.59,-43.25,NA,NA,NA
#A1_ANT0,testmode22_2024_1210_1040.bin,112,5 7,0 0,4000,20,r 403422c8  [0x403422C8] = 0xDE3F5D8D    ,19.43,-36.60,NA,NA,NA
#A1_ANT0,testmode22_2024_1210_1040.bin,112,5 7,0 0,4000,22,r 403422c8  [0x403422C8] = 0xDF3F5F8A    ,21.15,-28.61,NA,NA,NA
#A1_ANT1,testmode22_2024_1210_1040.bin,100,5 7,0 0,4000,0,r 403422c8  [0x403422C8] = 0xC13F539F    ,-0.04,-42.05,NA,NA,NA
#A1_ANT1,testmode22_2024_1210_1040.bin,100,5 7,0 0,4000,2,r 403422c8  [0x403422C8] = 0xC23F557E    ,1.88,-43.66,NA,NA,NA
#A1_ANT1,testmode22_2024_1210_1040.bin,100,5 7,0 0,4000,4,r 403422c8  [0x403422C8] = 0xC23F559F    ,3.91,-43.28,NA,NA,NA
#A1_ANT1,testmode22_2024_1210_1040.bin,100,5 7,0 0,4000,6,r 403422c8  [0x403422C8] = 0xC33F577E    ,5.84,-41.93,NA,NA,NA
#A1_ANT1,testmode22_2024_1210_1040.bin,100,5 7,0 0,4000,8,r 403422c8  [0x403422C8] = 0xC33F579F    ,7.88,-42.18,NA,NA,NA
#A1_ANT1,testmode22_2024_1210_1040.bin,100,5 7,0 0,4000,10,r 403422c8  [0x403422C8] = 0xD43F5978    ,9.94,-42.10,NA,NA,NA
#A1_ANT1,testmode22_2024_1210_1040.bin,100,5 7,0 0,4000,12,r 403422c8  [0x403422C8] = 0xD43F5997    ,12.01,-42.74,NA,NA,NA
#A1_ANT1,testmode22_2024_1210_1040.bin,100,5 7,0 0,4000,14,r 403422c8  [0x403422C8] = 0xD53F5B72    ,13.97,-43.15,NA,NA,NA
#A1_ANT1,testmode22_2024_1210_1040.bin,100,5 7,0 0,4000,16,r 403422c8  [0x403422C8] = 0xD53F5B90    ,15.98,-43.28,NA,NA,NA
#A1_ANT1,testmode22_2024_1210_1040.bin,100,5 7,0 0,4000,18,r 403422c8  [0x403422C8] = 0xDE3F5D72    ,17.92,-42.39,NA,NA,NA
#A1_ANT1,testmode22_2024_1210_1040.bin,100,5 7,0 0,4000,20,r 403422c8  [0x403422C8] = 0xDE3F5D8F    ,19.77,-35.40,NA,NA,NA
#A1_ANT1,testmode22_2024_1210_1040.bin,100,5 7,0 0,4000,22,r 403422c8  [0x403422C8] = 0xDF3F5F92    ,21.45,-27.24,NA,NA,NA
#A1_ANT1,testmode22_2024_1210_1040.bin,104,5 7,0 0,4000,0,r 403422c8  [0x403422C8] = 0xC13F539E    ,-0.06,-43.08,NA,NA,NA
#A1_ANT1,testmode22_2024_1210_1040.bin,104,5 7,0 0,4000,2,r 403422c8  [0x403422C8] = 0xC23F557D    ,1.87,-42.05,NA,NA,NA
#A1_ANT1,testmode22_2024_1210_1040.bin,104,5 7,0 0,4000,4,r 403422c8  [0x403422C8] = 0xC23F559E    ,3.92,-42.36,NA,NA,NA
#A1_ANT1,testmode22_2024_1210_1040.bin,104,5 7,0 0,4000,6,r 403422c8  [0x403422C8] = 0xC33F577D    ,5.93,-42.63,NA,NA,NA
#A1_ANT1,testmode22_2024_1210_1040.bin,104,5 7,0 0,4000,8,r 403422c8  [0x403422C8] = 0xC33F579D    ,7.93,-42.73,NA,NA,NA
#A1_ANT1,testmode22_2024_1210_1040.bin,104,5 7,0 0,4000,10,r 403422c8  [0x403422C8] = 0xD43F5978    ,10.07,-42.99,NA,NA,NA
#A1_ANT1,testmode22_2024_1210_1040.bin,104,5 7,0 0,4000,12,r 403422c8  [0x403422C8] = 0xD43F5997    ,12.12,-43.20,NA,NA,NA
#A1_ANT1,testmode22_2024_1210_1040.bin,104,5 7,0 0,4000,14,r 403422c8  [0x403422C8] = 0xD53F5B72    ,14.06,-42.92,NA,NA,NA
#A1_ANT1,testmode22_2024_1210_1040.bin,104,5 7,0 0,4000,16,r 403422c8  [0x403422C8] = 0xD53F5B90    ,16.03,-43.13,NA,NA,NA
#A1_ANT1,testmode22_2024_1210_1040.bin,104,5 7,0 0,4000,18,r 403422c8  [0x403422C8] = 0xDE3F5D72    ,17.96,-42.36,NA,NA,NA
#A1_ANT1,testmode22_2024_1210_1040.bin,104,5 7,0 0,4000,20,r 403422c8  [0x403422C8] = 0xDE3F5D8F    ,19.80,-35.57,NA,NA,NA
#A1_ANT1,testmode22_2024_1210_1040.bin,104,5 7,0 0,4000,22,r 403422c8  [0x403422C8] = 0xDF3F5F92    ,21.52,-27.23,NA,NA,NA
#A1_ANT1,testmode22_2024_1210_1040.bin,108,5 7,0 0,4000,0,r 403422c8  [0x403422C8] = 0xC13F539B    ,-0.31,-43.30,NA,NA,NA
#A1_ANT1,testmode22_2024_1210_1040.bin,108,5 7,0 0,4000,2,r 403422c8  [0x403422C8] = 0xC23F557B    ,1.74,-43.21,NA,NA,NA
#A1_ANT1,testmode22_2024_1210_1040.bin,108,5 7,0 0,4000,4,r 403422c8  [0x403422C8] = 0xC23F559B    ,3.77,-42.53,NA,NA,NA
#A1_ANT1,testmode22_2024_1210_1040.bin,108,5 7,0 0,4000,6,r 403422c8  [0x403422C8] = 0xC33F577A    ,5.70,-42.34,NA,NA,NA
#A1_ANT1,testmode22_2024_1210_1040.bin,108,5 7,0 0,4000,8,r 403422c8  [0x403422C8] = 0xC33F579A    ,7.75,-42.39,NA,NA,NA
#A1_ANT1,testmode22_2024_1210_1040.bin,108,5 7,0 0,4000,10,r 403422c8  [0x403422C8] = 0xD43F5977    ,9.86,-42.64,NA,NA,NA
#A1_ANT1,testmode22_2024_1210_1040.bin,108,5 7,0 0,4000,12,r 403422c8  [0x403422C8] = 0xD43F5995    ,11.85,-43.06,NA,NA,NA
#A1_ANT1,testmode22_2024_1210_1040.bin,108,5 7,0 0,4000,14,r 403422c8  [0x403422C8] = 0xD53F5B72    ,13.85,-42.52,NA,NA,NA
#A1_ANT1,testmode22_2024_1210_1040.bin,108,5 7,0 0,4000,16,r 403422c8  [0x403422C8] = 0xD53F5B90    ,15.84,-42.93,NA,NA,NA
#A1_ANT1,testmode22_2024_1210_1040.bin,108,5 7,0 0,4000,18,r 403422c8  [0x403422C8] = 0xDE3F5D71    ,17.73,-42.38,NA,NA,NA
#A1_ANT1,testmode22_2024_1210_1040.bin,108,5 7,0 0,4000,20,r 403422c8  [0x403422C8] = 0xDE3F5D8E    ,19.61,-35.52,NA,NA,NA
#A1_ANT1,testmode22_2024_1210_1040.bin,108,5 7,0 0,4000,22,r 403422c8  [0x403422C8] = 0xDF3F5F8C    ,21.18,-28.50,NA,NA,NA
#A1_ANT1,testmode22_2024_1210_1040.bin,112,5 7,0 0,4000,0,r 403422c8  [0x403422C8] = 0xC13F539A    ,-0.34,-42.86,NA,NA,NA
#A1_ANT1,testmode22_2024_1210_1040.bin,112,5 7,0 0,4000,2,r 403422c8  [0x403422C8] = 0xC23F557A    ,1.65,-41.78,NA,NA,NA
#A1_ANT1,testmode22_2024_1210_1040.bin,112,5 7,0 0,4000,4,r 403422c8  [0x403422C8] = 0xC23F559A    ,3.72,-42.22,NA,NA,NA
#A1_ANT1,testmode22_2024_1210_1040.bin,112,5 7,0 0,4000,6,r 403422c8  [0x403422C8] = 0xC33F5779    ,5.68,-42.35,NA,NA,NA
#A1_ANT1,testmode22_2024_1210_1040.bin,112,5 7,0 0,4000,8,r 403422c8  [0x403422C8] = 0xC33F5798    ,7.67,-42.22,NA,NA,NA
#A1_ANT1,testmode22_2024_1210_1040.bin,112,5 7,0 0,4000,10,r 403422c8  [0x403422C8] = 0xD43F5975    ,9.74,-42.56,NA,NA,NA
#A1_ANT1,testmode22_2024_1210_1040.bin,112,5 7,0 0,4000,12,r 403422c8  [0x403422C8] = 0xD43F5994    ,11.75,-43.03,NA,NA,NA
#A1_ANT1,testmode22_2024_1210_1040.bin,112,5 7,0 0,4000,14,r 403422c8  [0x403422C8] = 0xD53F5B72    ,13.74,-42.45,NA,NA,NA
#A1_ANT1,testmode22_2024_1210_1040.bin,112,5 7,0 0,4000,16,r 403422c8  [0x403422C8] = 0xD53F5B90    ,15.73,-42.91,NA,NA,NA
#A1_ANT1,testmode22_2024_1210_1040.bin,112,5 7,0 0,4000,18,r 403422c8  [0x403422C8] = 0xDE3F5D70    ,17.60,-39.83,NA,NA,NA
#A1_ANT1,testmode22_2024_1210_1040.bin,112,5 7,0 0,4000,20,r 403422c8  [0x403422C8] = 0xDE3F5D8D    ,19.44,-34.68,NA,NA,NA
#A1_ANT1,testmode22_2024_1210_1040.bin,112,5 7,0 0,4000,22,r 403422c8  [0x403422C8] = 0xDF3F5F8A    ,21.16,-28.78,NA,NA,NA
#A1_ANT0,testmode22_2024_1210_1040.bin,116,5 7,0 0,4000,0,r 403422c8  [0x403422C8] = 0xC13F53A4    ,-0.19,-43.31,NA,NA,NA
#A1_ANT0,testmode22_2024_1210_1040.bin,116,5 7,0 0,4000,2,r 403422c8  [0x403422C8] = 0xC23F5582    ,1.99,-43.58,NA,NA,NA
#A1_ANT0,testmode22_2024_1210_1040.bin,116,5 7,0 0,4000,4,r 403422c8  [0x403422C8] = 0xC23F55A4    ,3.90,-43.40,NA,NA,NA
#A1_ANT0,testmode22_2024_1210_1040.bin,116,5 7,0 0,4000,6,r 403422c8  [0x403422C8] = 0xC33F5781    ,5.71,-43.34,NA,NA,NA
#A1_ANT0,testmode22_2024_1210_1040.bin,116,5 7,0 0,4000,8,r 403422c8  [0x403422C8] = 0xC33F57A2    ,7.75,-43.03,NA,NA,NA
#A1_ANT0,testmode22_2024_1210_1040.bin,116,5 7,0 0,4000,10,r 403422c8  [0x403422C8] = 0xD43F5979    ,9.84,-42.56,NA,NA,NA
#A1_ANT0,testmode22_2024_1210_1040.bin,116,5 7,0 0,4000,12,r 403422c8  [0x403422C8] = 0xD43F5998    ,11.83,-43.08,NA,NA,NA
#A1_ANT0,testmode22_2024_1210_1040.bin,116,5 7,0 0,4000,14,r 403422c8  [0x403422C8] = 0xD53F5B72    ,13.80,-42.04,NA,NA,NA
#A1_ANT0,testmode22_2024_1210_1040.bin,116,5 7,0 0,4000,16,r 403422c8  [0x403422C8] = 0xD53F5B90    ,15.80,-42.70,NA,NA,NA
#A1_ANT0,testmode22_2024_1210_1040.bin,116,5 7,0 0,4000,18,r 403422c8  [0x403422C8] = 0xDE3F5D70    ,17.70,-42.97,NA,NA,NA
#A1_ANT0,testmode22_2024_1210_1040.bin,116,5 7,0 0,4000,20,r 403422c8  [0x403422C8] = 0xDE3F5D8D    ,19.57,-35.61,NA,NA,NA
#A1_ANT0,testmode22_2024_1210_1040.bin,116,5 7,0 0,4000,22,r 403422c8  [0x403422C8] = 0xDF3F5F94    ,21.30,-27.40,NA,NA,NA
#A1_ANT0,testmode22_2024_1210_1040.bin,120,5 7,0 0,4000,0,r 403422c8  [0x403422C8] = 0xC13F53A4    ,-0.06,-43.20,NA,NA,NA
#A1_ANT0,testmode22_2024_1210_1040.bin,120,5 7,0 0,4000,2,r 403422c8  [0x403422C8] = 0xC23F5582    ,2.01,-44.05,NA,NA,NA
#A1_ANT0,testmode22_2024_1210_1040.bin,120,5 7,0 0,4000,4,r 403422c8  [0x403422C8] = 0xC23F55A4    ,3.94,-43.53,NA,NA,NA
#A1_ANT0,testmode22_2024_1210_1040.bin,120,5 7,0 0,4000,6,r 403422c8  [0x403422C8] = 0xC33F5781    ,5.73,-41.93,NA,NA,NA
#A1_ANT0,testmode22_2024_1210_1040.bin,120,5 7,0 0,4000,8,r 403422c8  [0x403422C8] = 0xC33F57A2    ,7.81,-42.08,NA,NA,NA
#A1_ANT0,testmode22_2024_1210_1040.bin,120,5 7,0 0,4000,10,r 403422c8  [0x403422C8] = 0xD43F5979    ,9.92,-42.85,NA,NA,NA
#A1_ANT0,testmode22_2024_1210_1040.bin,120,5 7,0 0,4000,12,r 403422c8  [0x403422C8] = 0xD43F5998    ,11.91,-42.57,NA,NA,NA
#A1_ANT0,testmode22_2024_1210_1040.bin,120,5 7,0 0,4000,14,r 403422c8  [0x403422C8] = 0xD53F5B72    ,13.87,-42.83,NA,NA,NA
#A1_ANT0,testmode22_2024_1210_1040.bin,120,5 7,0 0,4000,16,r 403422c8  [0x403422C8] = 0xD53F5B90    ,15.87,-43.42,NA,NA,NA
#A1_ANT0,testmode22_2024_1210_1040.bin,120,5 7,0 0,4000,18,r 403422c8  [0x403422C8] = 0xDE3F5D70    ,17.78,-42.90,NA,NA,NA
#A1_ANT0,testmode22_2024_1210_1040.bin,120,5 7,0 0,4000,20,r 403422c8  [0x403422C8] = 0xDE3F5D8D    ,19.68,-34.99,NA,NA,NA
#A1_ANT0,testmode22_2024_1210_1040.bin,120,5 7,0 0,4000,22,r 403422c8  [0x403422C8] = 0xDF3F5F92    ,21.17,-27.67,NA,NA,NA
#A1_ANT0,testmode22_2024_1210_1040.bin,124,5 7,0 0,4000,0,r 403422c8  [0x403422C8] = 0xC13F53A1    ,-0.10,-42.97,NA,NA,NA
#A1_ANT0,testmode22_2024_1210_1040.bin,124,5 7,0 0,4000,2,r 403422c8  [0x403422C8] = 0xC23F5580    ,2.01,-43.99,NA,NA,NA
#A1_ANT0,testmode22_2024_1210_1040.bin,124,5 7,0 0,4000,4,r 403422c8  [0x403422C8] = 0xC23F55A1    ,3.94,-43.65,NA,NA,NA
#A1_ANT0,testmode22_2024_1210_1040.bin,124,5 7,0 0,4000,6,r 403422c8  [0x403422C8] = 0xC33F577F    ,5.87,-42.29,NA,NA,NA
#A1_ANT0,testmode22_2024_1210_1040.bin,124,5 7,0 0,4000,8,r 403422c8  [0x403422C8] = 0xC33F57A0    ,7.85,-42.45,NA,NA,NA
#A1_ANT0,testmode22_2024_1210_1040.bin,124,5 7,0 0,4000,10,r 403422c8  [0x403422C8] = 0xD43F5978    ,9.94,-42.96,NA,NA,NA
#A1_ANT0,testmode22_2024_1210_1040.bin,124,5 7,0 0,4000,12,r 403422c8  [0x403422C8] = 0xD43F5997    ,11.95,-42.99,NA,NA,NA
#A1_ANT0,testmode22_2024_1210_1040.bin,124,5 7,0 0,4000,14,r 403422c8  [0x403422C8] = 0xD53F5B72    ,13.97,-43.60,NA,NA,NA
#A1_ANT0,testmode22_2024_1210_1040.bin,124,5 7,0 0,4000,16,r 403422c8  [0x403422C8] = 0xD53F5B90    ,15.97,-43.74,NA,NA,NA
#A1_ANT0,testmode22_2024_1210_1040.bin,124,5 7,0 0,4000,18,r 403422c8  [0x403422C8] = 0xDE3F5D71    ,17.85,-42.90,NA,NA,NA
#A1_ANT0,testmode22_2024_1210_1040.bin,124,5 7,0 0,4000,20,r 403422c8  [0x403422C8] = 0xDE3F5D8F    ,19.76,-35.47,NA,NA,NA
#A1_ANT0,testmode22_2024_1210_1040.bin,124,5 7,0 0,4000,22,r 403422c8  [0x403422C8] = 0xDF3F5F92    ,21.38,-27.40,NA,NA,NA
#A1_ANT0,testmode22_2024_1210_1040.bin,128,5 7,0 0,4000,0,r 403422c8  [0x403422C8] = 0xC13F539F    ,0.04,-43.50,NA,NA,NA
#A1_ANT0,testmode22_2024_1210_1040.bin,128,5 7,0 0,4000,2,r 403422c8  [0x403422C8] = 0xC23F557F    ,2.17,-44.03,NA,NA,NA
#A1_ANT0,testmode22_2024_1210_1040.bin,128,5 7,0 0,4000,4,r 403422c8  [0x403422C8] = 0xC23F559F    ,4.11,-43.69,NA,NA,NA
#A1_ANT0,testmode22_2024_1210_1040.bin,128,5 7,0 0,4000,6,r 403422c8  [0x403422C8] = 0xC33F577E    ,5.95,-42.56,NA,NA,NA
#A1_ANT0,testmode22_2024_1210_1040.bin,128,5 7,0 0,4000,8,r 403422c8  [0x403422C8] = 0xC33F579F    ,7.96,-42.52,NA,NA,NA
#A1_ANT0,testmode22_2024_1210_1040.bin,128,5 7,0 0,4000,10,r 403422c8  [0x403422C8] = 0xD43F5978    ,10.00,-42.12,NA,NA,NA
#A1_ANT0,testmode22_2024_1210_1040.bin,128,5 7,0 0,4000,12,r 403422c8  [0x403422C8] = 0xD43F5998    ,12.03,-42.08,NA,NA,NA
#A1_ANT0,testmode22_2024_1210_1040.bin,128,5 7,0 0,4000,14,r 403422c8  [0x403422C8] = 0xD53F5B72    ,14.13,-43.35,NA,NA,NA
#A1_ANT0,testmode22_2024_1210_1040.bin,128,5 7,0 0,4000,16,r 403422c8  [0x403422C8] = 0xD53F5B90    ,16.12,-43.51,NA,NA,NA
#A1_ANT0,testmode22_2024_1210_1040.bin,128,5 7,0 0,4000,18,r 403422c8  [0x403422C8] = 0xDE3F5D72    ,18.03,-42.07,NA,NA,NA
#A1_ANT0,testmode22_2024_1210_1040.bin,128,5 7,0 0,4000,20,r 403422c8  [0x403422C8] = 0xDE3F5D90    ,19.90,-34.03,NA,NA,NA
#A1_ANT0,testmode22_2024_1210_1040.bin,128,5 7,0 0,4000,22,r 403422c8  [0x403422C8] = 0xDF3F5F92    ,21.61,-26.62,NA,NA,NA
#A1_ANT1,testmode22_2024_1210_1040.bin,116,5 7,0 0,4000,0,r 403422c8  [0x403422C8] = 0xC13F53A3    ,-0.25,-42.75,NA,NA,NA
#A1_ANT1,testmode22_2024_1210_1040.bin,116,5 7,0 0,4000,2,r 403422c8  [0x403422C8] = 0xC23F5582    ,1.79,-41.72,NA,NA,NA
#A1_ANT1,testmode22_2024_1210_1040.bin,116,5 7,0 0,4000,4,r 403422c8  [0x403422C8] = 0xC23F55A3    ,3.82,-40.90,NA,NA,NA
#A1_ANT1,testmode22_2024_1210_1040.bin,116,5 7,0 0,4000,6,r 403422c8  [0x403422C8] = 0xC33F5781    ,5.77,-42.48,NA,NA,NA
#A1_ANT1,testmode22_2024_1210_1040.bin,116,5 7,0 0,4000,8,r 403422c8  [0x403422C8] = 0xC33F57A3    ,7.82,-42.48,NA,NA,NA
#A1_ANT1,testmode22_2024_1210_1040.bin,116,5 7,0 0,4000,10,r 403422c8  [0x403422C8] = 0xD43F597A    ,9.93,-42.43,NA,NA,NA
#A1_ANT1,testmode22_2024_1210_1040.bin,116,5 7,0 0,4000,12,r 403422c8  [0x403422C8] = 0xD43F5999    ,11.89,-42.78,NA,NA,NA
#A1_ANT1,testmode22_2024_1210_1040.bin,116,5 7,0 0,4000,14,r 403422c8  [0x403422C8] = 0xD53F5B72    ,13.88,-42.44,NA,NA,NA
#A1_ANT1,testmode22_2024_1210_1040.bin,116,5 7,0 0,4000,16,r 403422c8  [0x403422C8] = 0xD53F5B90    ,15.86,-42.32,NA,NA,NA
#A1_ANT1,testmode22_2024_1210_1040.bin,116,5 7,0 0,4000,18,r 403422c8  [0x403422C8] = 0xDE3F5D71    ,17.83,-41.75,NA,NA,NA
#A1_ANT1,testmode22_2024_1210_1040.bin,116,5 7,0 0,4000,20,r 403422c8  [0x403422C8] = 0xDE3F5D8E    ,19.68,-35.14,NA,NA,NA
#A1_ANT1,testmode22_2024_1210_1040.bin,116,5 7,0 0,4000,22,r 403422c8  [0x403422C8] = 0xDF3F5F95    ,21.35,-27.16,NA,NA,NA
#A1_ANT1,testmode22_2024_1210_1040.bin,120,5 7,0 0,4000,0,r 403422c8  [0x403422C8] = 0xC13F53A0    ,-0.28,-43.61,NA,NA,NA
#A1_ANT1,testmode22_2024_1210_1040.bin,120,5 7,0 0,4000,2,r 403422c8  [0x403422C8] = 0xC23F5580    ,1.76,-43.00,NA,NA,NA
#A1_ANT1,testmode22_2024_1210_1040.bin,120,5 7,0 0,4000,4,r 403422c8  [0x403422C8] = 0xC23F55A0    ,3.74,-42.24,NA,NA,NA
#A1_ANT1,testmode22_2024_1210_1040.bin,120,5 7,0 0,4000,6,r 403422c8  [0x403422C8] = 0xC33F577F    ,5.81,-41.11,NA,NA,NA
#A1_ANT1,testmode22_2024_1210_1040.bin,120,5 7,0 0,4000,8,r 403422c8  [0x403422C8] = 0xC33F57A0    ,7.83,-41.04,NA,NA,NA
#A1_ANT1,testmode22_2024_1210_1040.bin,120,5 7,0 0,4000,10,r 403422c8  [0x403422C8] = 0xD43F5979    ,10.04,-40.91,NA,NA,NA
#A1_ANT1,testmode22_2024_1210_1040.bin,120,5 7,0 0,4000,12,r 403422c8  [0x403422C8] = 0xD43F5998    ,12.04,-41.52,NA,NA,NA
#A1_ANT1,testmode22_2024_1210_1040.bin,120,5 7,0 0,4000,14,r 403422c8  [0x403422C8] = 0xD53F5B72    ,13.95,-42.32,NA,NA,NA
#A1_ANT1,testmode22_2024_1210_1040.bin,120,5 7,0 0,4000,16,r 403422c8  [0x403422C8] = 0xD53F5B90    ,15.94,-42.67,NA,NA,NA
#A1_ANT1,testmode22_2024_1210_1040.bin,120,5 7,0 0,4000,18,r 403422c8  [0x403422C8] = 0xDE3F5D70    ,17.84,-41.56,NA,NA,NA
#A1_ANT1,testmode22_2024_1210_1040.bin,120,5 7,0 0,4000,20,r 403422c8  [0x403422C8] = 0xDE3F5D8D    ,19.69,-35.30,NA,NA,NA
#A1_ANT1,testmode22_2024_1210_1040.bin,120,5 7,0 0,4000,22,r 403422c8  [0x403422C8] = 0xDF3F5F92    ,21.36,-27.56,NA,NA,NA
#A1_ANT1,testmode22_2024_1210_1040.bin,124,5 7,0 0,4000,0,r 403422c8  [0x403422C8] = 0xC13F53A3    ,0.07,-42.95,NA,NA,NA
#A1_ANT1,testmode22_2024_1210_1040.bin,124,5 7,0 0,4000,2,r 403422c8  [0x403422C8] = 0xC23F5582    ,2.08,-43.17,NA,NA,NA
#A1_ANT1,testmode22_2024_1210_1040.bin,124,5 7,0 0,4000,4,r 403422c8  [0x403422C8] = 0xC23F55A3    ,4.09,-42.51,NA,NA,NA
#A1_ANT1,testmode22_2024_1210_1040.bin,124,5 7,0 0,4000,6,r 403422c8  [0x403422C8] = 0xC33F5781    ,5.95,-41.41,NA,NA,NA
#A1_ANT1,testmode22_2024_1210_1040.bin,124,5 7,0 0,4000,8,r 403422c8  [0x403422C8] = 0xC33F57A2    ,7.94,-41.25,NA,NA,NA
#A1_ANT1,testmode22_2024_1210_1040.bin,124,5 7,0 0,4000,10,r 403422c8  [0x403422C8] = 0xD43F5979    ,10.16,-40.35,NA,NA,NA
#A1_ANT1,testmode22_2024_1210_1040.bin,124,5 7,0 0,4000,12,r 403422c8  [0x403422C8] = 0xD43F5998    ,12.17,-40.98,NA,NA,NA
#A1_ANT1,testmode22_2024_1210_1040.bin,124,5 7,0 0,4000,14,r 403422c8  [0x403422C8] = 0xD53F5B72    ,14.07,-41.19,NA,NA,NA
#A1_ANT1,testmode22_2024_1210_1040.bin,124,5 7,0 0,4000,16,r 403422c8  [0x403422C8] = 0xD53F5B90    ,16.07,-42.05,NA,NA,NA
#A1_ANT1,testmode22_2024_1210_1040.bin,124,5 7,0 0,4000,18,r 403422c8  [0x403422C8] = 0xDE3F5D72    ,17.95,-42.21,NA,NA,NA
#A1_ANT1,testmode22_2024_1210_1040.bin,124,5 7,0 0,4000,20,r 403422c8  [0x403422C8] = 0xDE3F5D90    ,19.85,-34.50,NA,NA,NA
#A1_ANT1,testmode22_2024_1210_1040.bin,124,5 7,0 0,4000,22,r 403422c8  [0x403422C8] = 0xDF3F5F92    ,21.49,-27.27,NA,NA,NA
#A1_ANT1,testmode22_2024_1210_1040.bin,128,5 7,0 0,4000,0,r 403422c8  [0x403422C8] = 0xC13F539F    ,0.24,-42.99,NA,NA,NA
#A1_ANT1,testmode22_2024_1210_1040.bin,128,5 7,0 0,4000,2,r 403422c8  [0x403422C8] = 0xC23F557F    ,2.19,-41.59,NA,NA,NA
#A1_ANT1,testmode22_2024_1210_1040.bin,128,5 7,0 0,4000,4,r 403422c8  [0x403422C8] = 0xC23F559F    ,4.21,-41.18,NA,NA,NA
#A1_ANT1,testmode22_2024_1210_1040.bin,128,5 7,0 0,4000,6,r 403422c8  [0x403422C8] = 0xC33F577E    ,6.24,-42.13,NA,NA,NA
#A1_ANT1,testmode22_2024_1210_1040.bin,128,5 7,0 0,4000,8,r 403422c8  [0x403422C8] = 0xC33F579F    ,8.27,-41.89,NA,NA,NA
#A1_ANT1,testmode22_2024_1210_1040.bin,128,5 7,0 0,4000,10,r 403422c8  [0x403422C8] = 0xD43F5979    ,10.38,-42.28,NA,NA,NA
#A1_ANT1,testmode22_2024_1210_1040.bin,128,5 7,0 0,4000,12,r 403422c8  [0x403422C8] = 0xD43F5998    ,12.38,-42.46,NA,NA,NA
#A1_ANT1,testmode22_2024_1210_1040.bin,128,5 7,0 0,4000,14,r 403422c8  [0x403422C8] = 0xD53F5B72    ,14.32,-41.44,NA,NA,NA
#A1_ANT1,testmode22_2024_1210_1040.bin,128,5 7,0 0,4000,16,r 403422c8  [0x403422C8] = 0xD53F5B90    ,16.32,-42.26,NA,NA,NA
#A1_ANT1,testmode22_2024_1210_1040.bin,128,5 7,0 0,4000,18,r 403422c8  [0x403422C8] = 0xDE3F5D72    ,18.22,-40.92,NA,NA,NA
#A1_ANT1,testmode22_2024_1210_1040.bin,128,5 7,0 0,4000,20,r 403422c8  [0x403422C8] = 0xDE3F5D90    ,20.09,-33.75,NA,NA,NA
#A1_ANT1,testmode22_2024_1210_1040.bin,128,5 7,0 0,4000,22,r 403422c8  [0x403422C8] = 0xDF3F5F92    ,21.72,-26.01,NA,NA,NA
#A1_ANT0,testmode22_2024_1210_1040.bin,132,5 7,0 0,4000,0,r 403422c8  [0x403422C8] = 0xC13F53A3    ,0.52,-43.54,NA,NA,NA
#A1_ANT0,testmode22_2024_1210_1040.bin,132,5 7,0 0,4000,2,r 403422c8  [0x403422C8] = 0xC23F5582    ,2.60,-43.43,NA,NA,NA
#A1_ANT0,testmode22_2024_1210_1040.bin,132,5 7,0 0,4000,4,r 403422c8  [0x403422C8] = 0xC23F55A3    ,4.51,-43.01,NA,NA,NA
#A1_ANT0,testmode22_2024_1210_1040.bin,132,5 7,0 0,4000,6,r 403422c8  [0x403422C8] = 0xC33F5781    ,6.34,-42.60,NA,NA,NA
#A1_ANT0,testmode22_2024_1210_1040.bin,132,5 7,0 0,4000,8,r 403422c8  [0x403422C8] = 0xC33F57A3    ,8.33,-42.18,NA,NA,NA
#A1_ANT0,testmode22_2024_1210_1040.bin,132,5 7,0 0,4000,10,r 403422c8  [0x403422C8] = 0xD43F5979    ,10.43,-43.32,NA,NA,NA
#A1_ANT0,testmode22_2024_1210_1040.bin,132,5 7,0 0,4000,12,r 403422c8  [0x403422C8] = 0xD43F5998    ,12.42,-42.86,NA,NA,NA
#A1_ANT0,testmode22_2024_1210_1040.bin,132,5 7,0 0,4000,14,r 403422c8  [0x403422C8] = 0xD53F5B72    ,14.44,-42.80,NA,NA,NA
#A1_ANT0,testmode22_2024_1210_1040.bin,132,5 7,0 0,4000,16,r 403422c8  [0x403422C8] = 0xD53F5B90    ,16.46,-43.46,NA,NA,NA
#A1_ANT0,testmode22_2024_1210_1040.bin,132,5 7,0 0,4000,18,r 403422c8  [0x403422C8] = 0xDE3F5D71    ,18.37,-41.74,NA,NA,NA
#A1_ANT0,testmode22_2024_1210_1040.bin,132,5 7,0 0,4000,20,r 403422c8  [0x403422C8] = 0xDE3F5D8F    ,20.19,-32.97,NA,NA,NA
#A1_ANT0,testmode22_2024_1210_1040.bin,132,5 7,0 0,4000,22,r 403422c8  [0x403422C8] = 0xDF3F5F8F    ,21.92,-25.21,NA,NA,NA
#A1_ANT0,testmode22_2024_1210_1040.bin,136,5 7,0 0,4000,0,r 403422c8  [0x403422C8] = 0xC13F53A1    ,0.68,-43.76,NA,NA,NA
#A1_ANT0,testmode22_2024_1210_1040.bin,136,5 7,0 0,4000,2,r 403422c8  [0x403422C8] = 0xC23F5581    ,2.82,-43.75,NA,NA,NA
#A1_ANT0,testmode22_2024_1210_1040.bin,136,5 7,0 0,4000,4,r 403422c8  [0x403422C8] = 0xC23F55A1    ,4.69,-42.82,NA,NA,NA
#A1_ANT0,testmode22_2024_1210_1040.bin,136,5 7,0 0,4000,6,r 403422c8  [0x403422C8] = 0xC33F577F    ,6.61,-42.14,NA,NA,NA
#A1_ANT0,testmode22_2024_1210_1040.bin,136,5 7,0 0,4000,8,r 403422c8  [0x403422C8] = 0xC33F57A1    ,8.62,-41.74,NA,NA,NA
#A1_ANT0,testmode22_2024_1210_1040.bin,136,5 7,0 0,4000,10,r 403422c8  [0x403422C8] = 0xD43F5978    ,10.68,-42.20,NA,NA,NA
#A1_ANT0,testmode22_2024_1210_1040.bin,136,5 7,0 0,4000,12,r 403422c8  [0x403422C8] = 0xD43F5997    ,12.66,-42.36,NA,NA,NA
#A1_ANT0,testmode22_2024_1210_1040.bin,136,5 7,0 0,4000,14,r 403422c8  [0x403422C8] = 0xD53F5B72    ,14.69,-43.53,NA,NA,NA
#A1_ANT0,testmode22_2024_1210_1040.bin,136,5 7,0 0,4000,16,r 403422c8  [0x403422C8] = 0xD53F5B90    ,16.68,-43.71,NA,NA,NA
#A1_ANT0,testmode22_2024_1210_1040.bin,136,5 7,0 0,4000,18,r 403422c8  [0x403422C8] = 0xDE3F5D73    ,18.62,-40.80,NA,NA,NA
#A1_ANT0,testmode22_2024_1210_1040.bin,136,5 7,0 0,4000,20,r 403422c8  [0x403422C8] = 0xDE3F5D90    ,20.40,-31.70,NA,NA,NA
#A1_ANT0,testmode22_2024_1210_1040.bin,136,5 7,0 0,4000,22,r 403422c8  [0x403422C8] = 0xDF3F5F94    ,22.07,-24.77,NA,NA,NA
#A1_ANT0,testmode22_2024_1210_1040.bin,140,5 7,0 0,4000,0,r 403422c8  [0x403422C8] = 0xC13F53A0    ,0.67,-43.96,NA,NA,NA
#A1_ANT0,testmode22_2024_1210_1040.bin,140,5 7,0 0,4000,2,r 403422c8  [0x403422C8] = 0xC23F5580    ,2.74,-42.16,NA,NA,NA
#A1_ANT0,testmode22_2024_1210_1040.bin,140,5 7,0 0,4000,4,r 403422c8  [0x403422C8] = 0xC23F55A0    ,4.64,-41.78,NA,NA,NA
#A1_ANT0,testmode22_2024_1210_1040.bin,140,5 7,0 0,4000,6,r 403422c8  [0x403422C8] = 0xC33F577F    ,6.54,-42.81,NA,NA,NA
#A1_ANT0,testmode22_2024_1210_1040.bin,140,5 7,0 0,4000,8,r 403422c8  [0x403422C8] = 0xC33F57A0    ,8.56,-42.92,NA,NA,NA
#A1_ANT0,testmode22_2024_1210_1040.bin,140,5 7,0 0,4000,10,r 403422c8  [0x403422C8] = 0xD43F5978    ,10.70,-41.27,NA,NA,NA
#A1_ANT0,testmode22_2024_1210_1040.bin,140,5 7,0 0,4000,12,r 403422c8  [0x403422C8] = 0xD43F5997    ,12.70,-42.33,NA,NA,NA
#A1_ANT0,testmode22_2024_1210_1040.bin,140,5 7,0 0,4000,14,r 403422c8  [0x403422C8] = 0xD53F5B72    ,14.59,-42.82,NA,NA,NA
#A1_ANT0,testmode22_2024_1210_1040.bin,140,5 7,0 0,4000,16,r 403422c8  [0x403422C8] = 0xD53F5B90    ,16.57,-43.52,NA,NA,NA
#A1_ANT0,testmode22_2024_1210_1040.bin,140,5 7,0 0,4000,18,r 403422c8  [0x403422C8] = 0xDE3F5D73    ,18.45,-41.28,NA,NA,NA
#A1_ANT0,testmode22_2024_1210_1040.bin,140,5 7,0 0,4000,20,r 403422c8  [0x403422C8] = 0xDE3F5D91    ,20.29,-31.76,NA,NA,NA
#A1_ANT0,testmode22_2024_1210_1040.bin,140,5 7,0 0,4000,22,r 403422c8  [0x403422C8] = 0xDF3F5F93    ,21.93,-25.12,NA,NA,NA
#A1_ANT1,testmode22_2024_1210_1040.bin,132,5 7,0 0,4000,0,r 403422c8  [0x403422C8] = 0xC13F53A3    ,0.45,-42.11,NA,NA,NA
#A1_ANT1,testmode22_2024_1210_1040.bin,132,5 7,0 0,4000,2,r 403422c8  [0x403422C8] = 0xC23F5582    ,2.37,-41.68,NA,NA,NA
#A1_ANT1,testmode22_2024_1210_1040.bin,132,5 7,0 0,4000,4,r 403422c8  [0x403422C8] = 0xC23F55A3    ,4.37,-41.35,NA,NA,NA
#A1_ANT1,testmode22_2024_1210_1040.bin,132,5 7,0 0,4000,6,r 403422c8  [0x403422C8] = 0xC33F5781    ,6.42,-42.32,NA,NA,NA
#A1_ANT1,testmode22_2024_1210_1040.bin,132,5 7,0 0,4000,8,r 403422c8  [0x403422C8] = 0xC33F57A3    ,8.45,-41.92,NA,NA,NA
#A1_ANT1,testmode22_2024_1210_1040.bin,132,5 7,0 0,4000,10,r 403422c8  [0x403422C8] = 0xD43F5979    ,10.55,-41.93,NA,NA,NA
#A1_ANT1,testmode22_2024_1210_1040.bin,132,5 7,0 0,4000,12,r 403422c8  [0x403422C8] = 0xD43F5998    ,12.50,-42.17,NA,NA,NA
#A1_ANT1,testmode22_2024_1210_1040.bin,132,5 7,0 0,4000,14,r 403422c8  [0x403422C8] = 0xD53F5B72    ,14.47,-43.15,NA,NA,NA
#A1_ANT1,testmode22_2024_1210_1040.bin,132,5 7,0 0,4000,16,r 403422c8  [0x403422C8] = 0xD53F5B90    ,16.47,-43.35,NA,NA,NA
#A1_ANT1,testmode22_2024_1210_1040.bin,132,5 7,0 0,4000,18,r 403422c8  [0x403422C8] = 0xDE3F5D71    ,18.32,-40.91,NA,NA,NA
#A1_ANT1,testmode22_2024_1210_1040.bin,132,5 7,0 0,4000,20,r 403422c8  [0x403422C8] = 0xDE3F5D8F    ,20.21,-32.13,NA,NA,NA
#A1_ANT1,testmode22_2024_1210_1040.bin,132,5 7,0 0,4000,22,r 403422c8  [0x403422C8] = 0xDF3F5F94    ,21.80,-25.32,NA,NA,NA
#A1_ANT1,testmode22_2024_1210_1040.bin,136,5 7,0 0,4000,0,r 403422c8  [0x403422C8] = 0xC13F53A1    ,0.57,-42.21,NA,NA,NA
#A1_ANT1,testmode22_2024_1210_1040.bin,136,5 7,0 0,4000,2,r 403422c8  [0x403422C8] = 0xC23F5581    ,2.54,-41.83,NA,NA,NA
#A1_ANT1,testmode22_2024_1210_1040.bin,136,5 7,0 0,4000,4,r 403422c8  [0x403422C8] = 0xC23F55A1    ,4.53,-41.65,NA,NA,NA
#A1_ANT1,testmode22_2024_1210_1040.bin,136,5 7,0 0,4000,6,r 403422c8  [0x403422C8] = 0xC33F5780    ,6.60,-42.59,NA,NA,NA
#A1_ANT1,testmode22_2024_1210_1040.bin,136,5 7,0 0,4000,8,r 403422c8  [0x403422C8] = 0xC33F57A1    ,8.58,-42.25,NA,NA,NA
#A1_ANT1,testmode22_2024_1210_1040.bin,136,5 7,0 0,4000,10,r 403422c8  [0x403422C8] = 0xD43F5978    ,10.72,-41.18,NA,NA,NA
#A1_ANT1,testmode22_2024_1210_1040.bin,136,5 7,0 0,4000,12,r 403422c8  [0x403422C8] = 0xD43F5998    ,12.71,-41.93,NA,NA,NA
#A1_ANT1,testmode22_2024_1210_1040.bin,136,5 7,0 0,4000,14,r 403422c8  [0x403422C8] = 0xD53F5B72    ,14.65,-42.76,NA,NA,NA
#A1_ANT1,testmode22_2024_1210_1040.bin,136,5 7,0 0,4000,16,r 403422c8  [0x403422C8] = 0xD53F5B90    ,16.63,-42.84,NA,NA,NA
#A1_ANT1,testmode22_2024_1210_1040.bin,136,5 7,0 0,4000,18,r 403422c8  [0x403422C8] = 0xDE3F5D72    ,18.47,-39.96,NA,NA,NA
#A1_ANT1,testmode22_2024_1210_1040.bin,136,5 7,0 0,4000,20,r 403422c8  [0x403422C8] = 0xDE3F5D90    ,20.32,-31.18,NA,NA,NA
#A1_ANT1,testmode22_2024_1210_1040.bin,136,5 7,0 0,4000,22,r 403422c8  [0x403422C8] = 0xDF3F5F8E    ,21.78,-25.21,NA,NA,NA
#A1_ANT1,testmode22_2024_1210_1040.bin,140,5 7,0 0,4000,0,r 403422c8  [0x403422C8] = 0xC13F53A0    ,0.45,-43.02,NA,NA,NA
#A1_ANT1,testmode22_2024_1210_1040.bin,140,5 7,0 0,4000,2,r 403422c8  [0x403422C8] = 0xC23F5580    ,2.43,-41.66,NA,NA,NA
#A1_ANT1,testmode22_2024_1210_1040.bin,140,5 7,0 0,4000,4,r 403422c8  [0x403422C8] = 0xC23F55A0    ,4.42,-41.49,NA,NA,NA
#A1_ANT1,testmode22_2024_1210_1040.bin,140,5 7,0 0,4000,6,r 403422c8  [0x403422C8] = 0xC33F577F    ,6.48,-42.47,NA,NA,NA
#A1_ANT1,testmode22_2024_1210_1040.bin,140,5 7,0 0,4000,8,r 403422c8  [0x403422C8] = 0xC33F57A0    ,8.49,-42.28,NA,NA,NA
#A1_ANT1,testmode22_2024_1210_1040.bin,140,5 7,0 0,4000,10,r 403422c8  [0x403422C8] = 0xD43F5979    ,10.60,-43.04,NA,NA,NA
#A1_ANT1,testmode22_2024_1210_1040.bin,140,5 7,0 0,4000,12,r 403422c8  [0x403422C8] = 0xD43F5998    ,12.53,-43.08,NA,NA,NA
#A1_ANT1,testmode22_2024_1210_1040.bin,140,5 7,0 0,4000,14,r 403422c8  [0x403422C8] = 0xD53F5B72    ,14.52,-42.71,NA,NA,NA
#A1_ANT1,testmode22_2024_1210_1040.bin,140,5 7,0 0,4000,16,r 403422c8  [0x403422C8] = 0xD53F5B90    ,16.51,-43.12,NA,NA,NA
#A1_ANT1,testmode22_2024_1210_1040.bin,140,5 7,0 0,4000,18,r 403422c8  [0x403422C8] = 0xDE3F5D73    ,18.40,-40.48,NA,NA,NA
#A1_ANT1,testmode22_2024_1210_1040.bin,140,5 7,0 0,4000,20,r 403422c8  [0x403422C8] = 0xDE3F5D91    ,20.24,-32.06,NA,NA,NA
#A1_ANT1,testmode22_2024_1210_1040.bin,140,5 7,0 0,4000,22,r 403422c8  [0x403422C8] = 0xDF3F5F92    ,21.77,-25.86,NA,NA,NA
#A1_ANT0,testmode22_2024_1210_1040.bin,149,5 7,0 0,4000,0,r 403422c8  [0x403422C8] = 0xC13F53A3    ,0.67,-42.65,NA,NA,NA
#A1_ANT0,testmode22_2024_1210_1040.bin,149,5 7,0 0,4000,2,r 403422c8  [0x403422C8] = 0xC23F5582    ,2.80,-43.28,NA,NA,NA
#A1_ANT0,testmode22_2024_1210_1040.bin,149,5 7,0 0,4000,4,r 403422c8  [0x403422C8] = 0xC23F55A3    ,4.75,-42.24,NA,NA,NA
#A1_ANT0,testmode22_2024_1210_1040.bin,149,5 7,0 0,4000,6,r 403422c8  [0x403422C8] = 0xC33F5781    ,6.50,-43.54,NA,NA,NA
#A1_ANT0,testmode22_2024_1210_1040.bin,149,5 7,0 0,4000,8,r 403422c8  [0x403422C8] = 0xC33F57A3    ,8.48,-42.52,NA,NA,NA
#A1_ANT0,testmode22_2024_1210_1040.bin,149,5 7,0 0,4000,10,r 403422c8  [0x403422C8] = 0xD43F5979    ,10.52,-42.20,NA,NA,NA
#A1_ANT0,testmode22_2024_1210_1040.bin,149,5 7,0 0,4000,12,r 403422c8  [0x403422C8] = 0xD43F5998    ,12.49,-42.55,NA,NA,NA
#A1_ANT0,testmode22_2024_1210_1040.bin,149,5 7,0 0,4000,14,r 403422c8  [0x403422C8] = 0xD53F5B72    ,14.51,-42.51,NA,NA,NA
#A1_ANT0,testmode22_2024_1210_1040.bin,149,5 7,0 0,4000,16,r 403422c8  [0x403422C8] = 0xD53F5B90    ,16.50,-42.92,NA,NA,NA
#A1_ANT0,testmode22_2024_1210_1040.bin,149,5 7,0 0,4000,18,r 403422c8  [0x403422C8] = 0xDE3F5D72    ,18.42,-41.09,NA,NA,NA
#A1_ANT0,testmode22_2024_1210_1040.bin,149,5 7,0 0,4000,20,r 403422c8  [0x403422C8] = 0xDE3F5D8F    ,20.18,-32.12,NA,NA,NA
#A1_ANT0,testmode22_2024_1210_1040.bin,149,5 7,0 0,4000,22,r 403422c8  [0x403422C8] = 0xDF3F5F96    ,21.82,-25.31,NA,NA,NA
#A1_ANT0,testmode22_2024_1210_1040.bin,153,5 7,0 0,4000,0,r 403422c8  [0x403422C8] = 0xC13F53A1    ,0.68,-43.84,NA,NA,NA
#A1_ANT0,testmode22_2024_1210_1040.bin,153,5 7,0 0,4000,2,r 403422c8  [0x403422C8] = 0xC23F5581    ,2.61,-41.77,NA,NA,NA
#A1_ANT0,testmode22_2024_1210_1040.bin,153,5 7,0 0,4000,4,r 403422c8  [0x403422C8] = 0xC23F55A1    ,4.57,-41.57,NA,NA,NA
#A1_ANT0,testmode22_2024_1210_1040.bin,153,5 7,0 0,4000,6,r 403422c8  [0x403422C8] = 0xC33F5780    ,6.46,-43.19,NA,NA,NA
#A1_ANT0,testmode22_2024_1210_1040.bin,153,5 7,0 0,4000,8,r 403422c8  [0x403422C8] = 0xC33F57A1    ,8.48,-43.02,NA,NA,NA
#A1_ANT0,testmode22_2024_1210_1040.bin,153,5 7,0 0,4000,10,r 403422c8  [0x403422C8] = 0xD43F5979    ,10.55,-43.37,NA,NA,NA
#A1_ANT0,testmode22_2024_1210_1040.bin,153,5 7,0 0,4000,12,r 403422c8  [0x403422C8] = 0xD43F5998    ,12.54,-43.26,NA,NA,NA
#A1_ANT0,testmode22_2024_1210_1040.bin,153,5 7,0 0,4000,14,r 403422c8  [0x403422C8] = 0xD53F5B72    ,14.55,-42.98,NA,NA,NA
#A1_ANT0,testmode22_2024_1210_1040.bin,153,5 7,0 0,4000,16,r 403422c8  [0x403422C8] = 0xD53F5B90    ,16.54,-42.54,NA,NA,NA
#A1_ANT0,testmode22_2024_1210_1040.bin,153,5 7,0 0,4000,18,r 403422c8  [0x403422C8] = 0xDE3F5D73    ,18.44,-40.97,NA,NA,NA
#A1_ANT0,testmode22_2024_1210_1040.bin,153,5 7,0 0,4000,20,r 403422c8  [0x403422C8] = 0xDE3F5D91    ,20.29,-31.84,NA,NA,NA
#A1_ANT0,testmode22_2024_1210_1040.bin,153,5 7,0 0,4000,22,r 403422c8  [0x403422C8] = 0xDF3F5F98    ,21.92,-24.86,NA,NA,NA
#A1_ANT0,testmode22_2024_1210_1040.bin,157,5 7,0 0,4000,0,r 403422c8  [0x403422C8] = 0xC13F539E    ,0.82,-42.81,NA,NA,NA
#A1_ANT0,testmode22_2024_1210_1040.bin,157,5 7,0 0,4000,2,r 403422c8  [0x403422C8] = 0xC23F557F    ,2.85,-42.80,NA,NA,NA
#A1_ANT0,testmode22_2024_1210_1040.bin,157,5 7,0 0,4000,4,r 403422c8  [0x403422C8] = 0xC23F559E    ,4.77,-41.42,NA,NA,NA
#A1_ANT0,testmode22_2024_1210_1040.bin,157,5 7,0 0,4000,6,r 403422c8  [0x403422C8] = 0xC33F577D    ,6.62,-42.36,NA,NA,NA
#A1_ANT0,testmode22_2024_1210_1040.bin,157,5 7,0 0,4000,8,r 403422c8  [0x403422C8] = 0xC33F579E    ,8.62,-42.34,NA,NA,NA
#A1_ANT0,testmode22_2024_1210_1040.bin,157,5 7,0 0,4000,10,r 403422c8  [0x403422C8] = 0xD43F5978    ,10.80,-42.58,NA,NA,NA
#A1_ANT0,testmode22_2024_1210_1040.bin,157,5 7,0 0,4000,12,r 403422c8  [0x403422C8] = 0xD43F5997    ,12.76,-41.95,NA,NA,NA
#A1_ANT0,testmode22_2024_1210_1040.bin,157,5 7,0 0,4000,14,r 403422c8  [0x403422C8] = 0xD53F5B72    ,14.69,-43.39,NA,NA,NA
#A1_ANT0,testmode22_2024_1210_1040.bin,157,5 7,0 0,4000,16,r 403422c8  [0x403422C8] = 0xD53F5B90    ,16.71,-43.43,NA,NA,NA
#A1_ANT0,testmode22_2024_1210_1040.bin,157,5 7,0 0,4000,18,r 403422c8  [0x403422C8] = 0xDE3F5D74    ,18.55,-40.78,NA,NA,NA
#A1_ANT0,testmode22_2024_1210_1040.bin,157,5 7,0 0,4000,20,r 403422c8  [0x403422C8] = 0xDE3F5D92    ,20.44,-31.60,NA,NA,NA
#A1_ANT0,testmode22_2024_1210_1040.bin,157,5 7,0 0,4000,22,r 403422c8  [0x403422C8] = 0xDF3F5F99    ,22.06,-24.44,NA,NA,NA
#A1_ANT0,testmode22_2024_1210_1040.bin,161,5 7,0 0,4000,0,r 403422c8  [0x403422C8] = 0xC13F539D    ,0.91,-43.51,NA,NA,NA
#A1_ANT0,testmode22_2024_1210_1040.bin,161,5 7,0 0,4000,2,r 403422c8  [0x403422C8] = 0xC23F557E    ,2.99,-42.15,NA,NA,NA
#A1_ANT0,testmode22_2024_1210_1040.bin,161,5 7,0 0,4000,4,r 403422c8  [0x403422C8] = 0xC23F559D    ,4.87,-42.01,NA,NA,NA
#A1_ANT0,testmode22_2024_1210_1040.bin,161,5 7,0 0,4000,6,r 403422c8  [0x403422C8] = 0xC33F577D    ,6.73,-42.48,NA,NA,NA
#A1_ANT0,testmode22_2024_1210_1040.bin,161,5 7,0 0,4000,8,r 403422c8  [0x403422C8] = 0xC33F579D    ,8.76,-42.78,NA,NA,NA
#A1_ANT0,testmode22_2024_1210_1040.bin,161,5 7,0 0,4000,10,r 403422c8  [0x403422C8] = 0xD43F5977    ,10.79,-41.09,NA,NA,NA
#A1_ANT0,testmode22_2024_1210_1040.bin,161,5 7,0 0,4000,12,r 403422c8  [0x403422C8] = 0xD43F5996    ,12.82,-41.64,NA,NA,NA
#A1_ANT0,testmode22_2024_1210_1040.bin,161,5 7,0 0,4000,14,r 403422c8  [0x403422C8] = 0xD53F5B72    ,14.82,-42.81,NA,NA,NA
#A1_ANT0,testmode22_2024_1210_1040.bin,161,5 7,0 0,4000,16,r 403422c8  [0x403422C8] = 0xD53F5B90    ,16.81,-43.15,NA,NA,NA
#A1_ANT0,testmode22_2024_1210_1040.bin,161,5 7,0 0,4000,18,r 403422c8  [0x403422C8] = 0xDE3F5D75    ,18.74,-39.79,NA,NA,NA
#A1_ANT0,testmode22_2024_1210_1040.bin,161,5 7,0 0,4000,20,r 403422c8  [0x403422C8] = 0xDE3F5D93    ,20.55,-31.03,NA,NA,NA
#A1_ANT0,testmode22_2024_1210_1040.bin,161,5 7,0 0,4000,22,r 403422c8  [0x403422C8] = 0xDF3F5F9A    ,22.19,-24.12,NA,NA,NA
#A1_ANT0,testmode22_2024_1210_1040.bin,165,5 7,0 0,4000,0,r 403422c8  [0x403422C8] = 0xC13F539D    ,0.84,-42.74,NA,NA,NA
#A1_ANT0,testmode22_2024_1210_1040.bin,165,5 7,0 0,4000,2,r 403422c8  [0x403422C8] = 0xC23F557E    ,2.92,-41.57,NA,NA,NA
#A1_ANT0,testmode22_2024_1210_1040.bin,165,5 7,0 0,4000,4,r 403422c8  [0x403422C8] = 0xC23F559D    ,4.76,-41.48,NA,NA,NA
#A1_ANT0,testmode22_2024_1210_1040.bin,165,5 7,0 0,4000,6,r 403422c8  [0x403422C8] = 0xC33F577C    ,6.74,-42.83,NA,NA,NA
#A1_ANT0,testmode22_2024_1210_1040.bin,165,5 7,0 0,4000,8,r 403422c8  [0x403422C8] = 0xC33F579C    ,8.76,-42.64,NA,NA,NA
#A1_ANT0,testmode22_2024_1210_1040.bin,165,5 7,0 0,4000,10,r 403422c8  [0x403422C8] = 0xD43F5977    ,10.77,-43.35,NA,NA,NA
#A1_ANT0,testmode22_2024_1210_1040.bin,165,5 7,0 0,4000,12,r 403422c8  [0x403422C8] = 0xD43F5996    ,12.80,-42.83,NA,NA,NA
#A1_ANT0,testmode22_2024_1210_1040.bin,165,5 7,0 0,4000,14,r 403422c8  [0x403422C8] = 0xD53F5B72    ,14.80,-43.35,NA,NA,NA
#A1_ANT0,testmode22_2024_1210_1040.bin,165,5 7,0 0,4000,16,r 403422c8  [0x403422C8] = 0xD53F5B90    ,16.79,-43.59,NA,NA,NA
#A1_ANT0,testmode22_2024_1210_1040.bin,165,5 7,0 0,4000,18,r 403422c8  [0x403422C8] = 0xDE3F5D76    ,18.65,-39.63,NA,NA,NA
#A1_ANT0,testmode22_2024_1210_1040.bin,165,5 7,0 0,4000,20,r 403422c8  [0x403422C8] = 0xDE3F5D94    ,20.46,-30.94,NA,NA,NA
#A1_ANT0,testmode22_2024_1210_1040.bin,165,5 7,0 0,4000,22,r 403422c8  [0x403422C8] = 0xDF3F5F9A    ,22.00,-24.23,NA,NA,NA
#A1_ANT1,testmode22_2024_1210_1040.bin,149,5 7,0 0,4000,0,r 403422c8  [0x403422C8] = 0xC13F53A4    ,0.40,-42.91,NA,NA,NA
#A1_ANT1,testmode22_2024_1210_1040.bin,149,5 7,0 0,4000,2,r 403422c8  [0x403422C8] = 0xC23F5584    ,2.54,-43.04,NA,NA,NA
#A1_ANT1,testmode22_2024_1210_1040.bin,149,5 7,0 0,4000,4,r 403422c8  [0x403422C8] = 0xC23F55A4    ,4.43,-42.45,NA,NA,NA
#A1_ANT1,testmode22_2024_1210_1040.bin,149,5 7,0 0,4000,6,r 403422c8  [0x403422C8] = 0xC33F5783    ,6.40,-41.01,NA,NA,NA
#A1_ANT1,testmode22_2024_1210_1040.bin,149,5 7,0 0,4000,8,r 403422c8  [0x403422C8] = 0xC33F57A4    ,8.36,-41.17,NA,NA,NA
#A1_ANT1,testmode22_2024_1210_1040.bin,149,5 7,0 0,4000,10,r 403422c8  [0x403422C8] = 0xD43F597A    ,10.47,-41.70,NA,NA,NA
#A1_ANT1,testmode22_2024_1210_1040.bin,149,5 7,0 0,4000,12,r 403422c8  [0x403422C8] = 0xD43F599A    ,12.50,-42.32,NA,NA,NA
#A1_ANT1,testmode22_2024_1210_1040.bin,149,5 7,0 0,4000,14,r 403422c8  [0x403422C8] = 0xD53F5B72    ,14.48,-42.15,NA,NA,NA
#A1_ANT1,testmode22_2024_1210_1040.bin,149,5 7,0 0,4000,16,r 403422c8  [0x403422C8] = 0xD53F5B90    ,16.45,-42.11,NA,NA,NA
#A1_ANT1,testmode22_2024_1210_1040.bin,149,5 7,0 0,4000,18,r 403422c8  [0x403422C8] = 0xDE3F5D72    ,18.34,-40.45,NA,NA,NA
#A1_ANT1,testmode22_2024_1210_1040.bin,149,5 7,0 0,4000,20,r 403422c8  [0x403422C8] = 0xDE3F5D90    ,20.20,-32.36,NA,NA,NA
#A1_ANT1,testmode22_2024_1210_1040.bin,149,5 7,0 0,4000,22,r 403422c8  [0x403422C8] = 0xDF3F5F97    ,21.81,-25.42,NA,NA,NA
#A1_ANT1,testmode22_2024_1210_1040.bin,153,5 7,0 0,4000,0,r 403422c8  [0x403422C8] = 0xC1FFD3A0    ,0.46,-36.67,NA,NA,NA
#A1_ANT1,testmode22_2024_1210_1040.bin,153,5 7,0 0,4000,2,r 403422c8  [0x403422C8] = 0xC2FFD581    ,2.57,-36.41,NA,NA,NA
#A1_ANT1,testmode22_2024_1210_1040.bin,153,5 7,0 0,4000,4,r 403422c8  [0x403422C8] = 0xC2FFD5A0    ,4.46,-34.01,NA,NA,NA
#A1_ANT1,testmode22_2024_1210_1040.bin,153,5 7,0 0,4000,6,r 403422c8  [0x403422C8] = 0xC3FFD77F    ,6.48,-33.92,NA,NA,NA
#A1_ANT1,testmode22_2024_1210_1040.bin,153,5 7,0 0,4000,8,r 403422c8  [0x403422C8] = 0xC3FFD7A0    ,8.47,-31.82,NA,NA,NA
#A1_ANT1,testmode22_2024_1210_1040.bin,153,5 7,0 0,4000,10,r 403422c8  [0x403422C8] = 0xD43F5978    ,10.57,-42.61,NA,NA,NA
#A1_ANT1,testmode22_2024_1210_1040.bin,153,5 7,0 0,4000,12,r 403422c8  [0x403422C8] = 0xD43F5997    ,12.57,-42.52,NA,NA,NA
#A1_ANT1,testmode22_2024_1210_1040.bin,153,5 7,0 0,4000,14,r 403422c8  [0x403422C8] = 0xD53F5B72    ,14.55,-42.36,NA,NA,NA
#A1_ANT1,testmode22_2024_1210_1040.bin,153,5 7,0 0,4000,16,r 403422c8  [0x403422C8] = 0xD53F5B90    ,16.56,-42.71,NA,NA,NA
#A1_ANT1,testmode22_2024_1210_1040.bin,153,5 7,0 0,4000,18,r 403422c8  [0x403422C8] = 0xDE3F5D72    ,18.42,-40.24,NA,NA,NA
#A1_ANT1,testmode22_2024_1210_1040.bin,153,5 7,0 0,4000,20,r 403422c8  [0x403422C8] = 0xDE3F5D90    ,20.28,-31.93,NA,NA,NA
#A1_ANT1,testmode22_2024_1210_1040.bin,153,5 7,0 0,4000,22,r 403422c8  [0x403422C8] = 0xDF3F5F8F    ,21.68,-25.46,NA,NA,NA
#A1_ANT1,testmode22_2024_1210_1040.bin,157,5 7,0 0,4000,0,r 403422c8  [0x403422C8] = 0xC13F53A0    ,0.77,-42.61,NA,NA,NA
#A1_ANT1,testmode22_2024_1210_1040.bin,157,5 7,0 0,4000,2,r 403422c8  [0x403422C8] = 0xC23F5581    ,2.86,-42.97,NA,NA,NA
#A1_ANT1,testmode22_2024_1210_1040.bin,157,5 7,0 0,4000,4,r 403422c8  [0x403422C8] = 0xC23F55A0    ,4.77,-42.79,NA,NA,NA
#A1_ANT1,testmode22_2024_1210_1040.bin,157,5 7,0 0,4000,6,r 403422c8  [0x403422C8] = 0xC33F577F    ,6.76,-42.16,NA,NA,NA
#A1_ANT1,testmode22_2024_1210_1040.bin,157,5 7,0 0,4000,8,r 403422c8  [0x403422C8] = 0xC33F579F    ,8.72,-41.96,NA,NA,NA
#A1_ANT1,testmode22_2024_1210_1040.bin,157,5 7,0 0,4000,10,r 403422c8  [0x403422C8] = 0xD43F5978    ,10.77,-41.84,NA,NA,NA
#A1_ANT1,testmode22_2024_1210_1040.bin,157,5 7,0 0,4000,12,r 403422c8  [0x403422C8] = 0xD43F5997    ,12.77,-41.65,NA,NA,NA
#A1_ANT1,testmode22_2024_1210_1040.bin,157,5 7,0 0,4000,14,r 403422c8  [0x403422C8] = 0xD53F5B72    ,14.86,-43.02,NA,NA,NA
#A1_ANT1,testmode22_2024_1210_1040.bin,157,5 7,0 0,4000,16,r 403422c8  [0x403422C8] = 0xD53F5B90    ,16.86,-42.93,NA,NA,NA
#A1_ANT1,testmode22_2024_1210_1040.bin,157,5 7,0 0,4000,18,r 403422c8  [0x403422C8] = 0xDE3F5D75    ,18.77,-39.37,NA,NA,NA
#A1_ANT1,testmode22_2024_1210_1040.bin,157,5 7,0 0,4000,20,r 403422c8  [0x403422C8] = 0xDE3F5D93    ,20.58,-30.72,NA,NA,NA
#A1_ANT1,testmode22_2024_1210_1040.bin,157,5 7,0 0,4000,22,r 403422c8  [0x403422C8] = 0xDF3F5F9A    ,22.13,-24.12,NA,NA,NA
#A1_ANT1,testmode22_2024_1210_1040.bin,161,5 7,0 0,4000,0,r 403422c8  [0x403422C8] = 0xC13F539F    ,0.94,-42.95,NA,NA,NA
#A1_ANT1,testmode22_2024_1210_1040.bin,161,5 7,0 0,4000,2,r 403422c8  [0x403422C8] = 0xC23F5580    ,3.00,-41.80,NA,NA,NA
#A1_ANT1,testmode22_2024_1210_1040.bin,161,5 7,0 0,4000,4,r 403422c8  [0x403422C8] = 0xC23F559F    ,4.92,-41.84,NA,NA,NA
#A1_ANT1,testmode22_2024_1210_1040.bin,161,5 7,0 0,4000,6,r 403422c8  [0x403422C8] = 0xC33F577E    ,6.94,-42.14,NA,NA,NA
#A1_ANT1,testmode22_2024_1210_1040.bin,161,5 7,0 0,4000,8,r 403422c8  [0x403422C8] = 0xC33F579E    ,8.93,-42.17,NA,NA,NA
#A1_ANT1,testmode22_2024_1210_1040.bin,161,5 7,0 0,4000,10,r 403422c8  [0x403422C8] = 0xD43F5978    ,11.04,-42.34,NA,NA,NA
#A1_ANT1,testmode22_2024_1210_1040.bin,161,5 7,0 0,4000,12,r 403422c8  [0x403422C8] = 0xD43F5997    ,13.03,-42.73,NA,NA,NA
#A1_ANT1,testmode22_2024_1210_1040.bin,161,5 7,0 0,4000,14,r 403422c8  [0x403422C8] = 0xD53F5B72    ,14.99,-42.40,NA,NA,NA
#A1_ANT1,testmode22_2024_1210_1040.bin,161,5 7,0 0,4000,16,r 403422c8  [0x403422C8] = 0xD53F5B90    ,16.98,-42.38,NA,NA,NA
#A1_ANT1,testmode22_2024_1210_1040.bin,161,5 7,0 0,4000,18,r 403422c8  [0x403422C8] = 0xDE3F5D73    ,18.81,-36.17,NA,NA,NA
#A1_ANT1,testmode22_2024_1210_1040.bin,161,5 7,0 0,4000,20,r 403422c8  [0x403422C8] = 0xDE3F5D90    ,20.53,-29.32,NA,NA,NA
#A1_ANT1,testmode22_2024_1210_1040.bin,161,5 7,0 0,4000,22,r 403422c8  [0x403422C8] = 0xDF3F5F9A    ,22.14,-23.96,NA,NA,NA
#A1_ANT1,testmode22_2024_1210_1040.bin,165,5 7,0 0,4000,0,r 403422c8  [0x403422C8] = 0xC13F539E    ,1.01,-42.87,NA,NA,NA
#A1_ANT1,testmode22_2024_1210_1040.bin,165,5 7,0 0,4000,2,r 403422c8  [0x403422C8] = 0xC23F557F    ,3.01,-41.58,NA,NA,NA
#A1_ANT1,testmode22_2024_1210_1040.bin,165,5 7,0 0,4000,4,r 403422c8  [0x403422C8] = 0xC23F559E    ,4.96,-41.59,NA,NA,NA
#A1_ANT1,testmode22_2024_1210_1040.bin,165,5 7,0 0,4000,6,r 403422c8  [0x403422C8] = 0xC33F577D    ,6.89,-42.04,NA,NA,NA
#A1_ANT1,testmode22_2024_1210_1040.bin,165,5 7,0 0,4000,8,r 403422c8  [0x403422C8] = 0xC33F579D    ,8.90,-41.81,NA,NA,NA
#A1_ANT1,testmode22_2024_1210_1040.bin,165,5 7,0 0,4000,10,r 403422c8  [0x403422C8] = 0xD43F5978    ,11.00,-41.55,NA,NA,NA
#A1_ANT1,testmode22_2024_1210_1040.bin,165,5 7,0 0,4000,12,r 403422c8  [0x403422C8] = 0xD43F5997    ,12.96,-42.09,NA,NA,NA
#A1_ANT1,testmode22_2024_1210_1040.bin,165,5 7,0 0,4000,14,r 403422c8  [0x403422C8] = 0xD53F5B72    ,14.94,-41.92,NA,NA,NA
#A1_ANT1,testmode22_2024_1210_1040.bin,165,5 7,0 0,4000,16,r 403422c8  [0x403422C8] = 0xD53F5B90    ,16.92,-41.79,NA,NA,NA
#A1_ANT1,testmode22_2024_1210_1040.bin,165,5 7,0 0,4000,18,r 403422c8  [0x403422C8] = 0xDE3F5D75    ,18.81,-38.24,NA,NA,NA
#A1_ANT1,testmode22_2024_1210_1040.bin,165,5 7,0 0,4000,20,r 403422c8  [0x403422C8] = 0xDE3F5D93    ,20.59,-29.86,NA,NA,NA
#A1_ANT1,testmode22_2024_1210_1040.bin,165,5 7,0 0,4000,22,r 403422c8  [0x403422C8] = 0xDF3F5F9A    ,22.13,-23.67,NA,NA,NA
